config,log_type,mean_fitness_alive,n_alive,run_id,seed,time,wave,damage,dodged_bullets,enemy_id,fitness,lifespan
base,wave_snapshot,0.0987499999999998,4.0,1,864271,1.0,1,,,,,
base,wave_snapshot,0.299430844444444,4.0,1,864271,2.0,1,,,,,
base,wave_snapshot,0.499482977777779,4.0,1,864271,3.0,1,,,,,
base,wave_snapshot,0.699630600000006,4.0,1,864271,4.0,1,,,,,
base,wave_snapshot,0.8997446888889,4.0,1,864271,5.0,1,,,,,
base,wave_snapshot,1.09928030303032,4.0,1,864271,6.0,1,,,,,
base,wave_snapshot,1.54936905454548,4.0,1,864271,7.0,1,,,,,
base,wave_snapshot,1.74865935151518,4.0,1,864271,8.0,1,,,,,
base,wave_snapshot,1.9489772727273,4.0,1,864271,9.0,1,,,,,
base,wave_snapshot,2.14928030303033,4.0,1,864271,10.0,1,,,,,
base,wave_snapshot,2.34912878787881,4.0,1,864271,11.0,1,,,,,
base,wave_snapshot,2.79867424242427,4.0,1,864271,12.0,1,,,,,
base,wave_snapshot,2.99973484848487,4.0,1,864271,13.0,1,,,,,
base,wave_snapshot,3.19897727272729,4.0,1,864271,14.0,1,,,,,
base,wave_snapshot,3.39912878787881,4.0,1,864271,15.0,1,,,,,
base,wave_snapshot,3.59863095151517,4.0,1,864271,16.0,1,,,,,
base,wave_snapshot,3.79912878787881,4.0,1,864271,17.0,1,,,,,
base,wave_snapshot,3.99864292121214,4.0,1,864271,18.0,1,,,,,
base,wave_snapshot,4.19943181818183,4.0,1,864271,19.0,1,,,,,
base,wave_snapshot,4.39907855151516,4.0,1,864271,20.0,1,,,,,
base,wave_snapshot,4.59882575757577,4.0,1,864271,21.0,1,,,,,
base,wave_snapshot,4.79867255151516,4.0,1,864271,22.0,1,,,,,
base,wave_snapshot,4.99933415151516,4.0,1,864271,23.0,1,,,,,
base,wave_snapshot,5.19827035151516,4.0,1,864271,24.0,1,,,,,
base,wave_snapshot,5.3991287878788,4.0,1,864271,25.0,1,,,,,
base,wave_snapshot,5.59928030303031,4.0,1,864271,26.0,1,,,,,
base,wave_snapshot,5.79928030303031,4.0,1,864271,27.0,1,,,,,
base,wave_snapshot,5.99897727272728,4.0,1,864271,28.0,1,,,,,
base,wave_snapshot,6.1986094,4.0,1,864271,29.0,1,,,,,
base,wave_snapshot,6.39912878787879,4.0,1,864271,30.0,1,,,,,
base,wave_snapshot,6.59861052121212,4.0,1,864271,31.0,1,,,,,
base,wave_snapshot,6.79837121212121,4.0,1,864271,32.0,1,,,,,
base,wave_snapshot,6.99852272727272,4.0,1,864271,33.0,1,,,,,
base,wave_snapshot,7.1983712121212,4.0,1,864271,34.0,1,,,,,
base,wave_snapshot,7.39943181818181,4.0,1,864271,35.0,1,,,,,
base,wave_snapshot,7.59928030303029,4.0,1,864271,36.0,1,,,,,
base,wave_snapshot,7.7994318181818,4.0,1,864271,37.0,1,,,,,
base,wave_snapshot,7.99909170303029,4.0,1,864271,38.0,1,,,,,
base,wave_snapshot,8.19928030303029,4.0,1,864271,39.0,1,,,,,
base,wave_snapshot,8.39928030303028,4.0,1,864271,40.0,1,,,,,
base,wave_snapshot,8.59867424242422,4.0,1,864271,41.0,1,,,,,
base,wave_snapshot,8.79943181818179,4.0,1,864271,42.0,1,,,,,
base,wave_snapshot,8.99970279999997,4.0,1,864271,43.0,1,,,,,
base,wave_snapshot,9.19877121818179,4.0,1,864271,44.0,1,,,,,
base,wave_snapshot,9.39886535151512,4.0,1,864271,45.0,1,,,,,
base,wave_snapshot,9.59928030303028,4.0,1,864271,46.0,1,,,,,
base,wave_snapshot,9.79912878787876,4.0,1,864271,47.0,1,,,,,
base,wave_snapshot,9.99882575757573,4.0,1,864271,48.0,1,,,,,
base,wave_snapshot,10.1985478363636,4.0,1,864271,49.0,1,,,,,
base,wave_snapshot,10.3982898,4.0,1,864271,50.0,1,,,,,
base,wave_snapshot,10.5989772727272,4.0,1,864271,51.0,1,,,,,
base,wave_snapshot,10.7990057696969,4.0,1,864271,52.0,1,,,,,
base,wave_snapshot,10.9995833333333,4.0,1,864271,53.0,1,,,,,
base,wave_snapshot,11.1986361515151,4.0,1,864271,54.0,1,,,,,
base,wave_snapshot,11.3995833333333,4.0,1,864271,55.0,1,,,,,
base,wave_snapshot,11.5995833333333,4.0,1,864271,56.0,1,,,,,
base,wave_snapshot,11.798793,4.0,1,864271,57.0,1,,,,,
base,wave_snapshot,11.9988257575757,4.0,1,864271,58.0,1,,,,,
base,wave_snapshot,12.1996803696969,4.0,1,864271,59.0,1,,,,,
base,death,,,1,864271,60.0066809999998,1,0.0,0.0,0.0,11.9749001575757,59.8745007878786
base,death,,,1,864271,60.0066809999998,1,0.0,1.0,1.0,12.9243446020202,59.6217230101008
base,death,,,1,864271,60.0066809999998,1,0.0,1.0,2.0,12.8743446020202,59.3717230101008
base,death,,,1,864271,60.0066809999998,1,0.0,0.0,3.0,11.8243446020202,59.1217230101008
base,wave_snapshot,0.1205734,4.0,1,864271,1.0,2,,,,,
base,wave_snapshot,0.321330975757575,4.0,1,864271,2.0,2,,,,,
base,wave_snapshot,0.521634006060607,4.0,1,864271,3.0,2,,,,,
base,wave_snapshot,0.720573400000004,4.0,1,864271,4.0,2,,,,,
base,wave_snapshot,0.921330975757584,4.0,1,864271,5.0,2,,,,,
base,wave_snapshot,1.1204218848485,4.0,1,864271,6.0,2,,,,,
base,wave_snapshot,1.32138224848487,4.0,1,864271,7.0,2,,,,,
base,wave_snapshot,1.52072491515154,4.0,1,864271,8.0,2,,,,,
base,wave_snapshot,1.72057340000003,4.0,1,864271,9.0,2,,,,,
base,wave_snapshot,1.92148249090912,4.0,1,864271,10.0,2,,,,,
base,wave_snapshot,2.12124120000003,4.0,1,864271,11.0,2,,,,,
base,wave_snapshot,2.32016800606063,4.0,1,864271,12.0,2,,,,,
base,wave_snapshot,2.52091100000003,4.0,1,864271,13.0,2,,,,,
base,wave_snapshot,2.72100091515154,4.0,1,864271,14.0,2,,,,,
base,wave_snapshot,2.92057340000003,4.0,1,864271,15.0,2,,,,,
base,wave_snapshot,3.12163400606063,4.0,1,864271,16.0,2,,,,,
base,wave_snapshot,3.32111140000003,4.0,1,864271,17.0,2,,,,,
base,wave_snapshot,3.52015920000003,4.0,1,864271,18.0,2,,,,,
base,wave_snapshot,3.72102794545458,4.0,1,864271,19.0,2,,,,,
base,wave_snapshot,3.921613569697,4.0,1,864271,20.0,2,,,,,
base,wave_snapshot,4.12047912121215,4.0,1,864271,21.0,2,,,,,
base,wave_snapshot,4.32029800000003,4.0,1,864271,22.0,2,,,,,
base,wave_snapshot,4.52019970303033,4.0,1,864271,23.0,2,,,,,
base,wave_snapshot,4.72057340000002,4.0,1,864271,24.0,2,,,,,
base,wave_snapshot,4.92057764713808,4.0,1,864271,25.0,2,,,,,
base,wave_snapshot,5.12116484848489,4.0,1,864271,26.0,2,,,,,
base,wave_snapshot,5.32123855757583,4.0,1,864271,27.0,2,,,,,
base,wave_snapshot,5.52062544848495,4.0,1,864271,28.0,2,,,,,
base,wave_snapshot,5.72051815151528,4.0,1,864271,29.0,2,,,,,
base,wave_snapshot,5.92057340000014,4.0,1,864271,30.0,2,,,,,
base,wave_snapshot,6.12121144848502,4.0,1,864271,31.0,2,,,,,
base,wave_snapshot,6.32119864848505,4.0,1,864271,32.0,2,,,,,
base,wave_snapshot,6.52099154545475,4.0,1,864271,33.0,2,,,,,
base,wave_snapshot,6.72114164848507,4.0,1,864271,34.0,2,,,,,
base,wave_snapshot,6.9216412484851,4.0,1,864271,35.0,2,,,,,
base,wave_snapshot,7.12023824848512,4.0,1,864271,36.0,2,,,,,
base,wave_snapshot,7.32120324848514,4.0,1,864271,37.0,2,,,,,
base,wave_snapshot,7.52040184848516,4.0,1,864271,38.0,2,,,,,
base,wave_snapshot,7.72038904848519,4.0,1,864271,39.0,2,,,,,
base,wave_snapshot,7.92055844848522,4.0,1,864271,40.0,2,,,,,
base,wave_snapshot,8.12054564848525,4.0,1,864271,41.0,2,,,,,
base,wave_snapshot,8.32071344848528,4.0,1,864271,42.0,2,,,,,
base,wave_snapshot,8.5208658484853,4.0,1,864271,43.0,2,,,,,
base,wave_snapshot,8.72085304848533,4.0,1,864271,44.0,2,,,,,
base,wave_snapshot,8.92101484848536,4.0,1,864271,45.0,2,,,,,
base,wave_snapshot,9.12145884848538,4.0,1,864271,46.0,2,,,,,
base,wave_snapshot,9.32155484848541,4.0,1,864271,47.0,2,,,,,
base,wave_snapshot,9.52030403973122,4.0,1,864271,48.0,2,,,,,
base,wave_snapshot,9.72128804848544,4.0,1,864271,49.0,2,,,,,
base,wave_snapshot,9.92163384848546,4.0,1,864271,50.0,2,,,,,
base,wave_snapshot,10.1203896484855,4.0,1,864271,51.0,2,,,,,
base,wave_snapshot,10.3206862484855,4.0,1,864271,52.0,2,,,,,
base,wave_snapshot,10.5211482484855,4.0,1,864271,53.0,2,,,,,
base,wave_snapshot,10.7213052484856,4.0,1,864271,54.0,2,,,,,
base,wave_snapshot,10.9202072484856,4.0,1,864271,55.0,2,,,,,
base,wave_snapshot,11.1203936484856,4.0,1,864271,56.0,2,,,,,
base,wave_snapshot,11.3211794606069,4.0,1,864271,57.0,2,,,,,
base,wave_snapshot,11.5208896484857,4.0,1,864271,58.0,2,,,,,
base,wave_snapshot,11.7209938484857,4.0,1,864271,59.0,2,,,,,
base,death,,,1,864271,60.007535545459,2,0.0,0.0,4.0,11.9984768060615,59.9923840303074
base,death,,,1,864271,60.007535545459,2,0.0,0.0,5.0,11.9474927575766,59.7374637878831
base,death,,,1,864271,60.007535545459,2,0.0,0.0,6.0,11.8960804060615,59.4804020303074
base,death,,,1,864271,60.007535545459,2,0.0,0.0,7.0,11.8445652545463,59.2228262727316
base,wave_snapshot,0.12187253939394,4.0,1,864271,1.0,3,,,,,
base,wave_snapshot,0.320966739393939,4.0,1,864271,2.0,3,,,,,
base,wave_snapshot,0.521061339393937,4.0,1,864271,3.0,3,,,,,
base,wave_snapshot,0.721341539393936,4.0,1,864271,4.0,3,,,,,
base,wave_snapshot,1.42070511515152,4.0,1,864271,5.0,3,,,,,
base,wave_snapshot,2.37184053939395,4.0,1,864271,6.0,3,,,,,
base,wave_snapshot,3.32182773939396,4.0,1,864271,7.0,3,,,,,
base,wave_snapshot,3.77071353939397,4.0,1,864271,8.0,3,,,,,
base,wave_snapshot,3.97082673939396,4.0,1,864271,9.0,3,,,,,
base,wave_snapshot,4.17081393939395,4.0,1,864271,10.0,3,,,,,
base,wave_snapshot,4.37185153939394,4.0,1,864271,11.0,3,,,,,
base,wave_snapshot,4.57127153939392,4.0,1,864271,12.0,3,,,,,
base,wave_snapshot,4.77152433939391,4.0,1,864271,13.0,3,,,,,
base,wave_snapshot,4.9718171393939,4.0,1,864271,14.0,3,,,,,
base,wave_snapshot,5.92205853939389,4.0,1,864271,15.0,3,,,,,
base,wave_snapshot,6.87074133939388,4.0,1,864271,16.0,3,,,,,
base,death,,,1,864271,16.6794334141412,3,0.0,17.0,10.0,20.2330949555555,16.1654747777775
base,wave_snapshot,3.32974107407402,3.0,1,864271,17.0,3,,,,,
base,wave_snapshot,3.52906371919187,3.0,1,864271,18.0,3,,,,,
base,wave_snapshot,3.7297719191919,3.0,1,864271,19.0,3,,,,,
base,wave_snapshot,3.93030711919192,3.0,1,864271,20.0,3,,,,,
base,wave_snapshot,4.13013691919195,3.0,1,864271,21.0,3,,,,,
base,wave_snapshot,4.33032078585863,3.0,1,864271,22.0,3,,,,,
base,wave_snapshot,4.52929231919197,3.0,1,864271,23.0,3,,,,,
base,wave_snapshot,4.72935311919199,3.0,1,864271,24.0,3,,,,,
base,wave_snapshot,4.92970871919203,3.0,1,864271,25.0,3,,,,,
base,wave_snapshot,5.12986931919205,3.0,1,864271,26.0,3,,,,,
base,wave_snapshot,5.33012731919208,3.0,1,864271,27.0,3,,,,,
base,wave_snapshot,5.5293097191921,3.0,1,864271,28.0,3,,,,,
base,wave_snapshot,5.72965851919213,3.0,1,864271,29.0,3,,,,,
base,wave_snapshot,5.93013991919216,3.0,1,864271,30.0,3,,,,,
base,wave_snapshot,6.13032451919219,3.0,1,864271,31.0,3,,,,,
base,wave_snapshot,6.32937671919222,3.0,1,864271,32.0,3,,,,,
base,wave_snapshot,6.53040891919224,3.0,1,864271,33.0,3,,,,,
base,wave_snapshot,6.72954651919226,3.0,1,864271,34.0,3,,,,,
base,wave_snapshot,6.92987211919228,3.0,1,864271,35.0,3,,,,,
base,wave_snapshot,7.1298309191923,3.0,1,864271,36.0,3,,,,,
base,wave_snapshot,7.33027631919232,3.0,1,864271,37.0,3,,,,,
base,wave_snapshot,7.52905891919235,3.0,1,864271,38.0,3,,,,,
base,wave_snapshot,7.72973071919238,3.0,1,864271,39.0,3,,,,,
base,wave_snapshot,7.93020751919239,3.0,1,864271,40.0,3,,,,,
base,wave_snapshot,8.12917231919242,3.0,1,864271,41.0,3,,,,,
base,wave_snapshot,8.32934891919244,3.0,1,864271,42.0,3,,,,,
base,wave_snapshot,8.52933611919247,3.0,1,864271,43.0,3,,,,,
base,wave_snapshot,8.73023511919249,3.0,1,864271,44.0,3,,,,,
base,wave_snapshot,8.92974791919251,3.0,1,864271,45.0,3,,,,,
base,wave_snapshot,9.13009871919254,3.0,1,864271,46.0,3,,,,,
base,wave_snapshot,9.33044951919257,3.0,1,864271,47.0,3,,,,,
base,wave_snapshot,9.52906411919259,3.0,1,864271,48.0,3,,,,,
base,wave_snapshot,9.72952331919262,3.0,1,864271,49.0,3,,,,,
base,wave_snapshot,9.93007491919265,3.0,1,864271,50.0,3,,,,,
base,wave_snapshot,10.1292597191927,3.0,1,864271,51.0,3,,,,,
base,wave_snapshot,10.3295092707078,3.0,1,864271,52.0,3,,,,,
base,wave_snapshot,10.5302195191927,3.0,1,864271,53.0,3,,,,,
base,wave_snapshot,10.7293471191927,3.0,1,864271,54.0,3,,,,,
base,wave_snapshot,10.9294997191928,3.0,1,864271,55.0,3,,,,,
base,wave_snapshot,11.1300437191928,3.0,1,864271,56.0,3,,,,,
base,wave_snapshot,11.3293293191928,3.0,1,864271,57.0,3,,,,,
base,wave_snapshot,11.5296349191928,3.0,1,864271,58.0,3,,,,,
base,wave_snapshot,11.7301325191929,3.0,1,864271,59.0,3,,,,,
base,death,,,1,864271,60.0020506363685,3,0.0,0.0,8.0,11.997181060607,59.9859053030351
base,death,,,1,864271,60.0020506363685,3,0.0,0.0,9.0,11.9465050969707,59.7325254848533
base,death,,,1,864271,60.0020506363685,3,0.0,0.0,11.0,11.844496800001,59.2224840000048
base,wave_snapshot,0.120060712121212,4.0,1,864271,1.0,4,,,,,
base,wave_snapshot,0.320980512121212,4.0,1,864271,2.0,4,,,,,
base,wave_snapshot,0.521172215151513,4.0,1,864271,3.0,4,,,,,
base,wave_snapshot,0.720060112121209,4.0,1,864271,4.0,4,,,,,
base,wave_snapshot,0.920469512121215,4.0,1,864271,5.0,4,,,,,
base,wave_snapshot,1.12082491212122,4.0,1,864271,6.0,4,,,,,
base,wave_snapshot,1.32025091212123,4.0,1,864271,7.0,4,,,,,
base,wave_snapshot,1.52145722121215,4.0,1,864271,8.0,4,,,,,
base,wave_snapshot,1.72116131212124,4.0,1,864271,9.0,4,,,,,
base,wave_snapshot,1.92146191212123,4.0,1,864271,10.0,4,,,,,
base,wave_snapshot,2.12025391212122,4.0,1,864271,11.0,4,,,,,
base,wave_snapshot,2.32017251818182,4.0,1,864271,12.0,4,,,,,
base,wave_snapshot,2.5208709121212,4.0,1,864271,13.0,4,,,,,
base,wave_snapshot,2.72141031212119,4.0,1,864271,14.0,4,,,,,
base,wave_snapshot,2.92033511212119,4.0,1,864271,15.0,4,,,,,
base,wave_snapshot,3.12078731212117,4.0,1,864271,16.0,4,,,,,
base,wave_snapshot,3.32113671212117,4.0,1,864271,17.0,4,,,,,
base,wave_snapshot,3.5212599121212,4.0,1,864271,18.0,4,,,,,
base,wave_snapshot,3.72124711212123,4.0,1,864271,19.0,4,,,,,
base,wave_snapshot,3.92123431212127,4.0,1,864271,20.0,4,,,,,
base,wave_snapshot,4.12001826363642,4.0,1,864271,21.0,4,,,,,
base,wave_snapshot,4.3204173121213,4.0,1,864271,22.0,4,,,,,
base,wave_snapshot,4.52060351212132,4.0,1,864271,23.0,4,,,,,
base,wave_snapshot,4.72074251212135,4.0,1,864271,24.0,4,,,,,
base,wave_snapshot,4.92072971212138,4.0,1,864271,25.0,4,,,,,
base,wave_snapshot,5.1210181121214,4.0,1,864271,26.0,4,,,,,
base,wave_snapshot,5.57100531212143,4.0,1,864271,27.0,4,,,,,
base,wave_snapshot,5.77113031212146,4.0,1,864271,28.0,4,,,,,
base,wave_snapshot,5.97131331212149,4.0,1,864271,29.0,4,,,,,
base,wave_snapshot,6.17014926363666,4.0,1,864271,30.0,4,,,,,
base,wave_snapshot,6.37069171212153,4.0,1,864271,31.0,4,,,,,
base,wave_snapshot,6.57084171212156,4.0,1,864271,32.0,4,,,,,
base,wave_snapshot,6.77092411212159,4.0,1,864271,33.0,4,,,,,
base,wave_snapshot,6.97091131212162,4.0,1,864271,34.0,4,,,,,
base,wave_snapshot,7.17062911212163,4.0,1,864271,35.0,4,,,,,
base,wave_snapshot,7.37113151212166,4.0,1,864271,36.0,4,,,,,
base,wave_snapshot,7.82082657878832,4.0,1,864271,37.0,4,,,,,
base,wave_snapshot,8.02130311212167,4.0,1,864271,38.0,4,,,,,
base,wave_snapshot,8.22008151212169,4.0,1,864271,39.0,4,,,,,
base,wave_snapshot,8.42075711212172,4.0,1,864271,40.0,4,,,,,
base,wave_snapshot,8.62119611212175,4.0,1,864271,41.0,4,,,,,
base,wave_snapshot,8.82129477878843,4.0,1,864271,42.0,4,,,,,
base,wave_snapshot,9.02020071212179,4.0,1,864271,43.0,4,,,,,
base,wave_snapshot,9.21983204545515,4.0,1,864271,44.0,4,,,,,
base,wave_snapshot,9.42115611212184,4.0,1,864271,45.0,4,,,,,
base,wave_snapshot,9.87132851212187,4.0,1,864271,46.0,4,,,,,
base,wave_snapshot,10.5699173121219,4.0,1,864271,47.0,4,,,,,
base,wave_snapshot,10.7700521121219,4.0,1,864271,48.0,4,,,,,
base,wave_snapshot,10.970157712122,4.0,1,864271,49.0,4,,,,,
base,wave_snapshot,11.1702728454553,4.0,1,864271,50.0,4,,,,,
base,wave_snapshot,11.370992712122,4.0,1,864271,51.0,4,,,,,
base,wave_snapshot,11.570004312122,4.0,1,864271,52.0,4,,,,,
base,wave_snapshot,11.7699915121221,4.0,1,864271,53.0,4,,,,,
base,wave_snapshot,11.9701193121221,4.0,1,864271,54.0,4,,,,,
base,wave_snapshot,12.1701065121221,4.0,1,864271,55.0,4,,,,,
base,wave_snapshot,12.3710497121221,4.0,1,864271,56.0,4,,,,,
base,wave_snapshot,12.8211499121222,4.0,1,864271,57.0,4,,,,,
base,wave_snapshot,13.0212715121222,4.0,1,864271,58.0,4,,,,,
base,wave_snapshot,13.2202445121222,4.0,1,864271,59.0,4,,,,,
base,death,,,1,864271,60.0024110000051,4,0.0,0.0,12.0,11.9974046484859,59.9870232424293
base,death,,,1,864271,60.0024110000051,4,0.0,6.0,13.0,17.945812000001,59.729060000005
base,death,,,1,864271,60.0024110000051,4,0.0,0.0,14.0,11.894252800001,59.4712640000051
base,death,,,1,864271,60.0024110000051,4,0.0,0.0,15.0,11.844071800001,59.2203590000051
base,wave_snapshot,0.122530845454546,4.0,1,864271,1.0,5,,,,,
base,wave_snapshot,0.322518045454545,4.0,1,864271,2.0,5,,,,,
base,wave_snapshot,0.521380445454543,4.0,1,864271,3.0,5,,,,,
base,wave_snapshot,0.721431209090906,4.0,1,864271,4.0,5,,,,,
base,wave_snapshot,0.922124645454547,4.0,1,864271,5.0,5,,,,,
base,wave_snapshot,1.12211184545456,4.0,1,864271,6.0,5,,,,,
base,wave_snapshot,1.32104344545457,4.0,1,864271,7.0,5,,,,,
base,wave_snapshot,1.52141604545457,4.0,1,864271,8.0,5,,,,,
base,wave_snapshot,1.72185144545457,4.0,1,864271,9.0,5,,,,,
base,wave_snapshot,1.92195544545456,4.0,1,864271,10.0,5,,,,,
base,wave_snapshot,2.62209144545455,4.0,1,864271,11.0,5,,,,,
base,wave_snapshot,3.32116464545454,4.0,1,864271,12.0,5,,,,,
base,wave_snapshot,3.52125064545452,4.0,1,864271,13.0,5,,,,,
base,wave_snapshot,3.72231164545451,4.0,1,864271,14.0,5,,,,,
base,wave_snapshot,3.9211006454545,4.0,1,864271,15.0,5,,,,,
base,wave_snapshot,4.12255574848479,4.0,1,864271,16.0,5,,,,,
base,wave_snapshot,4.32146767575753,4.0,1,864271,17.0,5,,,,,
base,wave_snapshot,4.52173864545453,4.0,1,864271,18.0,5,,,,,
base,wave_snapshot,4.72234624545456,4.0,1,864271,19.0,5,,,,,
base,wave_snapshot,4.92134984545458,4.0,1,864271,20.0,5,,,,,
base,wave_snapshot,5.87151844545461,4.0,1,864271,21.0,5,,,,,
base,wave_snapshot,6.57178377878797,4.0,1,864271,22.0,5,,,,,
base,wave_snapshot,6.77216424545466,4.0,1,864271,23.0,5,,,,,
base,wave_snapshot,6.97232924545469,4.0,1,864271,24.0,5,,,,,
base,wave_snapshot,7.17245244545472,4.0,1,864271,25.0,5,,,,,
base,wave_snapshot,7.37187171616181,4.0,1,864271,26.0,5,,,,,
base,wave_snapshot,7.57139464545475,4.0,1,864271,27.0,5,,,,,
base,wave_snapshot,7.77172164545478,4.0,1,864271,28.0,5,,,,,
base,wave_snapshot,7.97170884545481,4.0,1,864271,29.0,5,,,,,
base,wave_snapshot,8.17189024545484,4.0,1,864271,30.0,5,,,,,
base,wave_snapshot,9.12175451212152,4.0,1,864271,31.0,5,,,,,
base,death,,,1,864271,31.7422545757593,5,0.0,13.0,17.0,19.296253866667,31.481269333335
base,wave_snapshot,6.31334486060639,3.0,1,864271,32.0,5,,,,,
base,wave_snapshot,6.51269052727308,3.0,1,864271,33.0,5,,,,,
base,wave_snapshot,6.7132893272731,3.0,1,864271,34.0,5,,,,,
base,wave_snapshot,6.91387432727312,3.0,1,864271,35.0,5,,,,,
base,wave_snapshot,7.11386152727316,3.0,1,864271,36.0,5,,,,,
base,wave_snapshot,7.3139678484853,3.0,1,864271,37.0,5,,,,,
base,wave_snapshot,7.5136305272732,3.0,1,864271,38.0,5,,,,,
base,wave_snapshot,7.71399872727323,3.0,1,864271,39.0,5,,,,,
base,wave_snapshot,7.91279192727326,3.0,1,864271,40.0,5,,,,,
base,wave_snapshot,8.11366481818237,3.0,1,864271,41.0,5,,,,,
base,wave_snapshot,8.3136893272733,3.0,1,864271,42.0,5,,,,,
base,wave_snapshot,8.51415272727332,3.0,1,864271,43.0,5,,,,,
base,wave_snapshot,8.71276092727335,3.0,1,864271,44.0,5,,,,,
base,wave_snapshot,8.91310012727338,3.0,1,864271,45.0,5,,,,,
base,wave_snapshot,9.1136167272734,3.0,1,864271,46.0,5,,,,,
base,wave_snapshot,9.31411936363706,3.0,1,864271,47.0,5,,,,,
base,wave_snapshot,9.51311292727344,3.0,1,864271,48.0,5,,,,,
base,wave_snapshot,9.71347032727347,3.0,1,864271,49.0,5,,,,,
base,wave_snapshot,9.9134575272735,3.0,1,864271,50.0,5,,,,,
base,wave_snapshot,10.1137611151523,3.0,1,864271,51.0,5,,,,,
base,wave_snapshot,10.3138913333342,3.0,1,864271,52.0,5,,,,,
base,wave_snapshot,10.5132209454554,3.0,1,864271,53.0,5,,,,,
base,wave_snapshot,10.7139261272736,3.0,1,864271,54.0,5,,,,,
base,wave_snapshot,10.9135625272736,3.0,1,864271,55.0,5,,,,,
base,wave_snapshot,11.1128539272736,3.0,1,864271,56.0,5,,,,,
base,wave_snapshot,11.3131591272737,3.0,1,864271,57.0,5,,,,,
base,wave_snapshot,11.5131463272737,3.0,1,864271,58.0,5,,,,,
base,wave_snapshot,11.7133617878798,3.0,1,864271,59.0,5,,,,,
base,death,,,1,864271,60.0022442424294,5,0.0,0.0,16.0,11.9972197818192,59.986098909096
base,death,,,1,864271,60.0022442424294,5,0.0,0.0,18.0,11.896137600001,59.4806880000051
base,death,,,1,864271,60.0022442424294,5,0.0,0.0,19.0,11.845803800001,59.229019000005
base,wave_snapshot,0.120804006060606,4.0,1,864271,1.0,6,,,,,
base,wave_snapshot,0.321386006060605,4.0,1,864271,2.0,6,,,,,
base,wave_snapshot,0.521552606060604,4.0,1,864271,3.0,6,,,,,
base,wave_snapshot,0.721539806060602,4.0,1,864271,4.0,6,,,,,
base,wave_snapshot,1.42172060606061,4.0,1,864271,5.0,6,,,,,
base,wave_snapshot,2.37032920606062,4.0,1,864271,6.0,6,,,,,
base,wave_snapshot,3.32031640606063,4.0,1,864271,7.0,6,,,,,
base,wave_snapshot,4.27045200606064,4.0,1,864271,8.0,6,,,,,
base,wave_snapshot,4.72086813939397,4.0,1,864271,9.0,6,,,,,
base,wave_snapshot,4.92086813939396,4.0,1,864271,10.0,6,,,,,
base,wave_snapshot,5.12118480606062,4.0,1,864271,11.0,6,,,,,
base,wave_snapshot,5.32161642087542,4.0,1,864271,12.0,6,,,,,
base,wave_snapshot,5.5207558060606,4.0,1,864271,13.0,6,,,,,
base,wave_snapshot,5.72094200606059,4.0,1,864271,14.0,6,,,,,
base,death,,,1,864271,14.6754678787877,6,0.0,15.0,23.0,17.7799666,13.8998329999999
base,wave_snapshot,2.94703624617602,3.0,1,864271,15.0,6,,,,,
base,wave_snapshot,3.14601774141411,3.0,1,864271,16.0,6,,,,,
base,wave_snapshot,3.34619984444443,3.0,1,864271,17.0,6,,,,,
base,wave_snapshot,3.54646320808082,3.0,1,864271,18.0,6,,,,,
base,wave_snapshot,3.74619984444448,3.0,1,864271,19.0,6,,,,,
base,wave_snapshot,3.94650287474753,3.0,1,864271,20.0,6,,,,,
base,wave_snapshot,4.14680590505059,3.0,1,864271,21.0,6,,,,,
base,wave_snapshot,4.34677714141425,3.0,1,864271,22.0,6,,,,,
base,wave_snapshot,4.54676434141429,3.0,1,864271,23.0,6,,,,,
base,wave_snapshot,4.74611326435804,3.0,1,864271,24.0,6,,,,,
base,wave_snapshot,4.94697354141433,3.0,1,864271,25.0,6,,,,,
base,wave_snapshot,5.14619984444466,3.0,1,864271,26.0,6,,,,,
base,wave_snapshot,5.346166174411,3.0,1,864271,27.0,6,,,,,
base,wave_snapshot,5.54616379595984,3.0,1,864271,28.0,6,,,,,
base,wave_snapshot,5.74642554141441,3.0,1,864271,29.0,6,,,,,
base,wave_snapshot,5.94699974141443,3.0,1,864271,30.0,6,,,,,
base,wave_snapshot,6.14636734141446,3.0,1,864271,31.0,6,,,,,
base,wave_snapshot,6.34657354141449,3.0,1,864271,32.0,6,,,,,
base,wave_snapshot,6.5468161414145,3.0,1,864271,33.0,6,,,,,
base,wave_snapshot,6.74734074141452,3.0,1,864271,34.0,6,,,,,
base,wave_snapshot,6.94605474141455,3.0,1,864271,35.0,6,,,,,
base,wave_snapshot,7.14670074141457,3.0,1,864271,36.0,6,,,,,
base,wave_snapshot,7.3472063414146,3.0,1,864271,37.0,6,,,,,
base,wave_snapshot,7.54643474141462,3.0,1,864271,38.0,6,,,,,
base,wave_snapshot,7.74712994141465,3.0,1,864271,39.0,6,,,,,
base,wave_snapshot,7.94588954141468,3.0,1,864271,40.0,6,,,,,
base,wave_snapshot,8.14587674141471,3.0,1,864271,41.0,6,,,,,
base,wave_snapshot,8.34589681414199,3.0,1,864271,42.0,6,,,,,
base,wave_snapshot,8.54662774141475,3.0,1,864271,43.0,6,,,,,
base,wave_snapshot,8.74737814141477,3.0,1,864271,44.0,6,,,,,
base,wave_snapshot,8.94589681414206,3.0,1,864271,45.0,6,,,,,
base,wave_snapshot,9.14723114141482,3.0,1,864271,46.0,6,,,,,
base,wave_snapshot,9.34737174141485,3.0,1,864271,47.0,6,,,,,
base,wave_snapshot,9.54597494141488,3.0,1,864271,48.0,6,,,,,
base,wave_snapshot,9.7464709414149,3.0,1,864271,49.0,6,,,,,
base,wave_snapshot,9.94697114141493,3.0,1,864271,50.0,6,,,,,
base,wave_snapshot,10.147320341415,3.0,1,864271,51.0,6,,,,,
base,wave_snapshot,10.346793941415,3.0,1,864271,52.0,6,,,,,
base,wave_snapshot,10.546944141415,3.0,1,864271,53.0,6,,,,,
base,wave_snapshot,10.747118741415,3.0,1,864271,54.0,6,,,,,
base,wave_snapshot,10.9464829414151,3.0,1,864271,55.0,6,,,,,
base,wave_snapshot,11.1471445414151,3.0,1,864271,56.0,6,,,,,
base,wave_snapshot,11.3461801414151,3.0,1,864271,57.0,6,,,,,
base,wave_snapshot,11.5470429414151,3.0,1,864271,58.0,6,,,,,
base,wave_snapshot,11.7473907414152,3.0,1,864271,59.0,6,,,,,
base,death,,,1,864271,60.0034018787932,6,0.0,0.0,20.0,11.9976028242435,59.9880141212174
base,death,,,1,864271,60.0034018787932,6,0.0,0.0,21.0,11.9464368000011,59.7321840000053
base,death,,,1,864271,60.0034018787932,6,0.0,0.0,22.0,11.895550200001,59.4777510000052
base,wave_snapshot,0.121395784848485,4.0,1,864271,1.0,7,,,,,
base,wave_snapshot,0.321382984848484,4.0,1,864271,2.0,7,,,,,
base,wave_snapshot,0.521698184848483,4.0,1,864271,3.0,7,,,,,
base,wave_snapshot,0.721817584848481,4.0,1,864271,4.0,7,,,,,
base,wave_snapshot,0.920485184848486,4.0,1,864271,5.0,7,,,,,
base,wave_snapshot,1.1211439848485,4.0,1,864271,6.0,7,,,,,
base,wave_snapshot,1.3213913848485,4.0,1,864271,7.0,7,,,,,
base,wave_snapshot,1.52137858484851,4.0,1,864271,8.0,7,,,,,
base,wave_snapshot,1.72151538484851,4.0,1,864271,9.0,7,,,,,
base,wave_snapshot,1.92033342121213,4.0,1,864271,10.0,7,,,,,
base,wave_snapshot,2.12053158484849,4.0,1,864271,11.0,7,,,,,
base,wave_snapshot,2.32084698484847,4.0,1,864271,12.0,7,,,,,
base,wave_snapshot,2.52144054242422,4.0,1,864271,13.0,7,,,,,
base,wave_snapshot,2.72048818484846,4.0,1,864271,14.0,7,,,,,
base,wave_snapshot,2.92059958484845,4.0,1,864271,15.0,7,,,,,
base,wave_snapshot,3.12078078484844,4.0,1,864271,16.0,7,,,,,
base,wave_snapshot,3.32131438484845,4.0,1,864271,17.0,7,,,,,
base,wave_snapshot,3.52163498484848,4.0,1,864271,18.0,7,,,,,
base,wave_snapshot,3.72162218484851,4.0,1,864271,19.0,7,,,,,
base,wave_snapshot,3.92171878484854,4.0,1,864271,20.0,7,,,,,
base,wave_snapshot,4.12075598484856,4.0,1,864271,21.0,7,,,,,
base,wave_snapshot,4.32100818484859,4.0,1,864271,22.0,7,,,,,
base,wave_snapshot,4.5217197727274,4.0,1,864271,23.0,7,,,,,
base,wave_snapshot,4.72180098484863,4.0,1,864271,24.0,7,,,,,
base,wave_snapshot,4.92069198484866,4.0,1,864271,25.0,7,,,,,
base,wave_snapshot,5.12086658484869,4.0,1,864271,26.0,7,,,,,
base,wave_snapshot,5.32143658484871,4.0,1,864271,27.0,7,,,,,
base,wave_snapshot,5.52176398484874,4.0,1,864271,28.0,7,,,,,
base,wave_snapshot,5.72055738484877,4.0,1,864271,29.0,7,,,,,
base,wave_snapshot,5.9207405848488,4.0,1,864271,30.0,7,,,,,
base,wave_snapshot,6.12103398484883,4.0,1,864271,31.0,7,,,,,
base,wave_snapshot,6.32050145151552,4.0,1,864271,32.0,7,,,,,
base,wave_snapshot,6.52165298484887,4.0,1,864271,33.0,7,,,,,
base,wave_snapshot,6.7204043848489,4.0,1,864271,34.0,7,,,,,
base,wave_snapshot,6.92074558484893,4.0,1,864271,35.0,7,,,,,
base,wave_snapshot,7.12109478484896,4.0,1,864271,36.0,7,,,,,
base,wave_snapshot,7.32119378484898,4.0,1,864271,37.0,7,,,,,
base,wave_snapshot,7.52180394242476,4.0,1,864271,38.0,7,,,,,
base,wave_snapshot,7.72185998484903,4.0,1,864271,39.0,7,,,,,
base,wave_snapshot,7.92057198484906,4.0,1,864271,40.0,7,,,,,
base,wave_snapshot,8.12087978484909,4.0,1,864271,41.0,7,,,,,
base,wave_snapshot,8.32098980909155,4.0,1,864271,42.0,7,,,,,
base,wave_snapshot,8.52110898484913,4.0,1,864271,43.0,7,,,,,
base,wave_snapshot,8.72123638484916,4.0,1,864271,44.0,7,,,,,
base,wave_snapshot,8.92136738484919,4.0,1,864271,45.0,7,,,,,
base,wave_snapshot,9.12146138484922,4.0,1,864271,46.0,7,,,,,
base,wave_snapshot,9.32187942294448,4.0,1,864271,47.0,7,,,,,
base,wave_snapshot,9.52067698484927,4.0,1,864271,48.0,7,,,,,
base,wave_snapshot,9.72124418484929,4.0,1,864271,49.0,7,,,,,
base,wave_snapshot,9.92161758484931,4.0,1,864271,50.0,7,,,,,
base,wave_snapshot,10.1217883848493,4.0,1,864271,51.0,7,,,,,
base,wave_snapshot,10.3219171363645,4.0,1,864271,52.0,7,,,,,
base,wave_snapshot,10.5208613848494,4.0,1,864271,53.0,7,,,,,
base,wave_snapshot,10.7212383848494,4.0,1,864271,54.0,7,,,,,
base,wave_snapshot,10.9212255848494,4.0,1,864271,55.0,7,,,,,
base,wave_snapshot,11.1216637848495,4.0,1,864271,56.0,7,,,,,
base,wave_snapshot,11.3206609848495,4.0,1,864271,57.0,7,,,,,
base,wave_snapshot,11.5213601121222,4.0,1,864271,58.0,7,,,,,
base,wave_snapshot,11.7210063848495,4.0,1,864271,59.0,7,,,,,
base,death,,,1,864271,60.003916636369,7,0.0,0.0,24.0,11.9975542606071,59.9877713030357
base,death,,,1,864271,60.003916636369,7,0.0,0.0,25.0,11.9463602787889,59.7318013939447
base,death,,,1,864271,60.003916636369,7,0.0,0.0,26.0,11.8955624000011,59.4778120000053
base,death,,,1,864271,60.003916636369,7,0.0,0.0,27.0,11.8452286000011,59.2261430000053
base,wave_snapshot,0.121004345454546,4.0,1,864271,1.0,8,,,,,
base,wave_snapshot,0.321699345454545,4.0,1,864271,2.0,8,,,,,
base,wave_snapshot,0.521827145454543,4.0,1,864271,3.0,8,,,,,
base,wave_snapshot,0.720678945454542,4.0,1,864271,4.0,8,,,,,
base,wave_snapshot,0.921190145454547,4.0,1,864271,5.0,8,,,,,
base,wave_snapshot,1.87149994545456,4.0,1,864271,6.0,8,,,,,
base,wave_snapshot,2.82181074545457,4.0,1,864271,7.0,8,,,,,
base,wave_snapshot,3.27076394545457,4.0,1,864271,8.0,8,,,,,
base,wave_snapshot,3.47094154545457,4.0,1,864271,9.0,8,,,,,
base,wave_snapshot,3.67107254545456,4.0,1,864271,10.0,8,,,,,
base,wave_snapshot,3.87105974545455,4.0,1,864271,11.0,8,,,,,
base,wave_snapshot,4.07116434545454,4.0,1,864271,12.0,8,,,,,
base,wave_snapshot,4.27134134545452,4.0,1,864271,13.0,8,,,,,
base,wave_snapshot,4.47150294545451,4.0,1,864271,14.0,8,,,,,
base,wave_snapshot,4.6718065454545,4.0,1,864271,15.0,8,,,,,
base,wave_snapshot,5.62205814545449,4.0,1,864271,16.0,8,,,,,
base,wave_snapshot,6.5712119454545,4.0,1,864271,17.0,8,,,,,
base,wave_snapshot,6.77144354545452,4.0,1,864271,18.0,8,,,,,
base,wave_snapshot,6.97156034545455,4.0,1,864271,19.0,8,,,,,
base,wave_snapshot,7.17168454545458,4.0,1,864271,20.0,8,,,,,
base,wave_snapshot,7.37192474545461,4.0,1,864271,21.0,8,,,,,
base,wave_snapshot,7.57054054545464,4.0,1,864271,22.0,8,,,,,
base,wave_snapshot,7.77080674545467,4.0,1,864271,23.0,8,,,,,
base,wave_snapshot,7.97161081212134,4.0,1,864271,24.0,8,,,,,
base,wave_snapshot,8.17062654545468,4.0,1,864271,25.0,8,,,,,
base,wave_snapshot,8.87116894545471,4.0,1,864271,26.0,8,,,,,
base,wave_snapshot,9.82184854545474,4.0,1,864271,27.0,8,,,,,
base,wave_snapshot,10.0206063454548,4.0,1,864271,28.0,8,,,,,
base,wave_snapshot,10.2208287454548,4.0,1,864271,29.0,8,,,,,
base,wave_snapshot,10.4212395454548,4.0,1,864271,30.0,8,,,,,
base,wave_snapshot,10.6213699454548,4.0,1,864271,31.0,8,,,,,
base,wave_snapshot,10.8213571454549,4.0,1,864271,32.0,8,,,,,
base,wave_snapshot,11.0215333454549,4.0,1,864271,33.0,8,,,,,
base,wave_snapshot,11.2215205454549,4.0,1,864271,34.0,8,,,,,
base,wave_snapshot,11.6708198787883,4.0,1,864271,35.0,8,,,,,
base,wave_snapshot,14.372034745455,4.0,1,864271,36.0,8,,,,,
base,wave_snapshot,15.320968545455,4.0,1,864271,37.0,8,,,,,
base,wave_snapshot,15.770955745455,4.0,1,864271,38.0,8,,,,,
base,wave_snapshot,15.970605884849,4.0,1,864271,39.0,8,,,,,
base,wave_snapshot,16.1718029454551,4.0,1,864271,40.0,8,,,,,
base,wave_snapshot,16.3707073454551,4.0,1,864271,41.0,8,,,,,
base,wave_snapshot,16.5706058848491,4.0,1,864271,42.0,8,,,,,
base,wave_snapshot,16.7716381454552,4.0,1,864271,43.0,8,,,,,
base,wave_snapshot,16.9706446121218,4.0,1,864271,44.0,8,,,,,
base,wave_snapshot,17.6708059454552,4.0,1,864271,45.0,8,,,,,
base,death,,,1,864271,45.4935762424277,8,1.0,30.0,30.0,45.9953654000007,44.9768270000033
base,wave_snapshot,9.12976699394008,3.0,1,864271,46.0,8,,,,,
base,wave_snapshot,9.3304893939401,3.0,1,864271,47.0,8,,,,,
base,wave_snapshot,9.52928499394013,3.0,1,864271,48.0,8,,,,,
base,wave_snapshot,9.72927219394017,3.0,1,864271,49.0,8,,,,,
base,wave_snapshot,9.92958159394019,3.0,1,864271,50.0,8,,,,,
base,wave_snapshot,10.1293869636372,3.0,1,864271,51.0,8,,,,,
base,wave_snapshot,10.3290729939402,3.0,1,864271,52.0,8,,,,,
base,wave_snapshot,10.5295581939403,3.0,1,864271,53.0,8,,,,,
base,wave_snapshot,10.7296985939403,3.0,1,864271,54.0,8,,,,,
base,wave_snapshot,10.9305515939403,3.0,1,864271,55.0,8,,,,,
base,wave_snapshot,11.1298539939403,3.0,1,864271,56.0,8,,,,,
base,wave_snapshot,11.3292751939404,3.0,1,864271,57.0,8,,,,,
base,wave_snapshot,11.5300277939404,3.0,1,864271,58.0,8,,,,,
base,wave_snapshot,11.7292069939404,3.0,1,864271,59.0,8,,,,,
base,death,,,1,864271,60.0044972424295,8,0.0,0.0,28.0,11.9976703818192,59.9883519090962
base,death,,,1,864271,60.0044972424295,8,0.0,0.0,29.0,11.946162800001,59.7308140000052
base,death,,,1,864271,60.0044972424295,8,0.0,0.0,31.0,11.845865000001,59.2293250000052
base,wave_snapshot,0.121913893939393,4.0,1,864271,1.0,9,,,,,
base,wave_snapshot,0.322168093939393,4.0,1,864271,2.0,9,,,,,
base,wave_snapshot,0.521086093939391,4.0,1,864271,3.0,9,,,,,
base,wave_snapshot,0.721789093939391,4.0,1,864271,4.0,9,,,,,
base,wave_snapshot,0.921904293939396,4.0,1,864271,5.0,9,,,,,
base,wave_snapshot,1.12206689393941,4.0,1,864271,6.0,9,,,,,
base,wave_snapshot,1.32205409393941,4.0,1,864271,7.0,9,,,,,
base,wave_snapshot,1.52199404545458,4.0,1,864271,8.0,9,,,,,
base,wave_snapshot,1.72095929393942,4.0,1,864271,9.0,9,,,,,
base,wave_snapshot,1.92127869393941,4.0,1,864271,10.0,9,,,,,
base,wave_snapshot,2.1215498939394,4.0,1,864271,11.0,9,,,,,
base,wave_snapshot,2.32184888787879,4.0,1,864271,12.0,9,,,,,
base,wave_snapshot,2.52199504545453,4.0,1,864271,13.0,9,,,,,
base,wave_snapshot,2.7209404272727,4.0,1,864271,14.0,9,,,,,
base,wave_snapshot,2.92115469393936,4.0,1,864271,15.0,9,,,,,
base,wave_snapshot,3.12157941774887,4.0,1,864271,16.0,9,,,,,
base,wave_snapshot,3.32150589393936,4.0,1,864271,17.0,9,,,,,
base,wave_snapshot,3.52204970981241,4.0,1,864271,18.0,9,,,,,
base,wave_snapshot,3.72138580505052,4.0,1,864271,19.0,9,,,,,
base,wave_snapshot,3.92080749393943,4.0,1,864271,20.0,9,,,,,
base,wave_snapshot,4.12094869393946,4.0,1,864271,21.0,9,,,,,
base,wave_snapshot,4.32148329393949,4.0,1,864271,22.0,9,,,,,
base,wave_snapshot,4.52176649393951,4.0,1,864271,23.0,9,,,,,
base,wave_snapshot,4.7208863606062,4.0,1,864271,24.0,9,,,,,
base,wave_snapshot,4.92124282727288,4.0,1,864271,25.0,9,,,,,
base,wave_snapshot,5.12124282727291,4.0,1,864271,26.0,9,,,,,
base,wave_snapshot,5.3217868939396,4.0,1,864271,27.0,9,,,,,
base,wave_snapshot,5.52177409393963,4.0,1,864271,28.0,9,,,,,
base,wave_snapshot,5.72090149393966,4.0,1,864271,29.0,9,,,,,
base,wave_snapshot,5.92137909393968,4.0,1,864271,30.0,9,,,,,
base,wave_snapshot,6.12171329393972,4.0,1,864271,31.0,9,,,,,
base,wave_snapshot,6.32207589393973,4.0,1,864271,32.0,9,,,,,
base,wave_snapshot,6.52081209393976,4.0,1,864271,33.0,9,,,,,
base,wave_snapshot,6.72115789393979,4.0,1,864271,34.0,9,,,,,
base,wave_snapshot,6.92207709393981,4.0,1,864271,35.0,9,,,,,
base,wave_snapshot,7.12206429393983,4.0,1,864271,36.0,9,,,,,
base,wave_snapshot,7.32224969393986,4.0,1,864271,37.0,9,,,,,
base,wave_snapshot,7.52136629393989,4.0,1,864271,38.0,9,,,,,
base,wave_snapshot,7.72175062727325,4.0,1,864271,39.0,9,,,,,
base,wave_snapshot,7.92152929393994,4.0,1,864271,40.0,9,,,,,
base,wave_snapshot,8.12090569393996,4.0,1,864271,41.0,9,,,,,
base,wave_snapshot,8.32106289393998,4.0,1,864271,42.0,9,,,,,
base,wave_snapshot,8.52169876060667,4.0,1,864271,43.0,9,,,,,
base,wave_snapshot,8.72212269394002,4.0,1,864271,44.0,9,,,,,
base,wave_snapshot,8.92225209394005,4.0,1,864271,45.0,9,,,,,
base,wave_snapshot,9.12099969394007,4.0,1,864271,46.0,9,,,,,
base,wave_snapshot,9.3211866939401,4.0,1,864271,47.0,9,,,,,
base,wave_snapshot,9.52151309394012,4.0,1,864271,48.0,9,,,,,
base,wave_snapshot,9.72187309394015,4.0,1,864271,49.0,9,,,,,
base,wave_snapshot,9.92079329394018,4.0,1,864271,50.0,9,,,,,
base,wave_snapshot,10.1213177969705,4.0,1,864271,51.0,9,,,,,
base,wave_snapshot,10.3218304939402,4.0,1,864271,52.0,9,,,,,
base,wave_snapshot,10.5219954939402,4.0,1,864271,53.0,9,,,,,
base,wave_snapshot,10.7208032939403,4.0,1,864271,54.0,9,,,,,
base,wave_snapshot,10.9209530939403,4.0,1,864271,55.0,9,,,,,
base,wave_snapshot,11.122054960607,4.0,1,864271,56.0,9,,,,,
base,wave_snapshot,11.5713122939403,4.0,1,864271,57.0,9,,,,,
base,wave_snapshot,11.7715498939404,4.0,1,864271,58.0,9,,,,,
base,wave_snapshot,11.9720138939404,4.0,1,864271,59.0,9,,,,,
base,death,,,1,864271,60.0007453030355,9,0.0,0.0,32.0,11.9970715090919,59.9853575454597
base,death,,,1,864271,60.0007453030355,9,0.0,1.0,33.0,12.946700400001,59.7335020000051
base,death,,,1,864271,60.0007453030355,9,0.0,0.0,34.0,11.895141200001,59.475706000005
base,death,,,1,864271,60.0007453030355,9,0.0,0.0,35.0,11.8446472666677,59.2232363333383
base,wave_snapshot,0.122309939105341,4.0,1,864271,1.0,10,,,,,
base,wave_snapshot,0.321375812121211,4.0,1,864271,2.0,10,,,,,
base,wave_snapshot,0.52136301212121,4.0,1,864271,3.0,10,,,,,
base,wave_snapshot,0.721967412121209,4.0,1,864271,4.0,10,,,,,
base,wave_snapshot,0.92228352121212,4.0,1,864271,5.0,10,,,,,
base,wave_snapshot,1.12168944848486,4.0,1,864271,6.0,10,,,,,
base,wave_snapshot,1.32234941212123,4.0,1,864271,7.0,10,,,,,
base,wave_snapshot,1.52189781212124,4.0,1,864271,8.0,10,,,,,
base,wave_snapshot,1.72180841212123,4.0,1,864271,9.0,10,,,,,
base,wave_snapshot,1.92168944848486,4.0,1,864271,10.0,10,,,,,
base,wave_snapshot,2.12215381212121,4.0,1,864271,11.0,10,,,,,
base,wave_snapshot,2.32254756363635,4.0,1,864271,12.0,10,,,,,
base,wave_snapshot,2.52270441212119,4.0,1,864271,13.0,10,,,,,
base,wave_snapshot,2.72269161212118,4.0,1,864271,14.0,10,,,,,
base,wave_snapshot,2.92263156363632,4.0,1,864271,15.0,10,,,,,
base,wave_snapshot,3.12132061212115,4.0,1,864271,16.0,10,,,,,
base,wave_snapshot,3.32133981212115,4.0,1,864271,17.0,10,,,,,
base,wave_snapshot,3.52226161212118,4.0,1,864271,18.0,10,,,,,
base,wave_snapshot,3.72143421212117,4.0,1,864271,19.0,10,,,,,
base,wave_snapshot,3.92207847878787,4.0,1,864271,20.0,10,,,,,
base,wave_snapshot,4.12222461212122,4.0,1,864271,21.0,10,,,,,
base,wave_snapshot,4.32234201212125,4.0,1,864271,22.0,10,,,,,
base,wave_snapshot,4.52245481212128,4.0,1,864271,23.0,10,,,,,
base,wave_snapshot,4.72121781212129,4.0,1,864271,24.0,10,,,,,
base,wave_snapshot,4.92120501212133,4.0,1,864271,25.0,10,,,,,
base,wave_snapshot,5.12157461212136,4.0,1,864271,26.0,10,,,,,
base,wave_snapshot,5.32218321212138,4.0,1,864271,27.0,10,,,,,
base,wave_snapshot,5.52255561212141,4.0,1,864271,28.0,10,,,,,
base,wave_snapshot,5.72117661212143,4.0,1,864271,29.0,10,,,,,
base,wave_snapshot,5.92147521212146,4.0,1,864271,30.0,10,,,,,
base,wave_snapshot,6.12180361212147,4.0,1,864271,31.0,10,,,,,
base,wave_snapshot,6.32211181212149,4.0,1,864271,32.0,10,,,,,
base,wave_snapshot,6.52209901212152,4.0,1,864271,33.0,10,,,,,
base,wave_snapshot,6.72239481212154,4.0,1,864271,34.0,10,,,,,
base,wave_snapshot,6.92253321212156,4.0,1,864271,35.0,10,,,,,
base,wave_snapshot,7.12195343030341,4.0,1,864271,36.0,10,,,,,
base,wave_snapshot,7.32144461212162,4.0,1,864271,37.0,10,,,,,
base,wave_snapshot,7.52199247878831,4.0,1,864271,38.0,10,,,,,
base,wave_snapshot,7.72148561212166,4.0,1,864271,39.0,10,,,,,
base,wave_snapshot,7.92192721212169,4.0,1,864271,40.0,10,,,,,
base,wave_snapshot,8.12209841212172,4.0,1,864271,41.0,10,,,,,
base,wave_snapshot,8.32232841212175,4.0,1,864271,42.0,10,,,,,
base,wave_snapshot,8.52141381212177,4.0,1,864271,43.0,10,,,,,
base,wave_snapshot,8.72154901212179,4.0,1,864271,44.0,10,,,,,
base,wave_snapshot,8.92164961212182,4.0,1,864271,45.0,10,,,,,
base,wave_snapshot,9.62184096363699,4.0,1,864271,46.0,10,,,,,
base,wave_snapshot,9.82141401212186,4.0,1,864271,47.0,10,,,,,
base,wave_snapshot,10.0215148121219,4.0,1,864271,48.0,10,,,,,
base,wave_snapshot,10.2216896303037,4.0,1,864271,49.0,10,,,,,
base,wave_snapshot,10.4225540121219,4.0,1,864271,50.0,10,,,,,
base,wave_snapshot,10.622654012122,4.0,1,864271,51.0,10,,,,,
base,wave_snapshot,10.822641212122,4.0,1,864271,52.0,10,,,,,
base,wave_snapshot,11.021434412122,4.0,1,864271,53.0,10,,,,,
base,wave_snapshot,11.2225985393948,4.0,1,864271,54.0,10,,,,,
base,wave_snapshot,11.4213148121221,4.0,1,864271,55.0,10,,,,,
base,wave_snapshot,11.6216618121221,4.0,1,864271,56.0,10,,,,,
base,wave_snapshot,11.8220182121221,4.0,1,864271,57.0,10,,,,,
base,wave_snapshot,12.0220054121222,4.0,1,864271,58.0,10,,,,,
base,wave_snapshot,12.2219926121222,4.0,1,864271,59.0,10,,,,,
base,death,,,1,864271,60.0056916666717,10,0.0,0.0,36.0,11.9980653454556,59.9903267272778
base,death,,,1,864271,60.0056916666717,10,0.0,0.0,37.0,11.9476888969707,59.7384444848535
base,death,,,1,864271,60.0056916666717,10,0.0,0.0,38.0,11.8974934969707,59.4874674848534
base,death,,,1,864271,60.0056916666717,10,0.0,2.0,39.0,13.8459342969707,59.2296714848534
base,wave_snapshot,0.121946528787878,4.0,1,864271,1.0,11,,,,,
base,wave_snapshot,0.322126128787878,4.0,1,864271,2.0,11,,,,,
base,wave_snapshot,0.521040128787878,4.0,1,864271,3.0,11,,,,,
base,wave_snapshot,0.721271128787877,4.0,1,864271,4.0,11,,,,,
base,wave_snapshot,0.921447728787881,4.0,1,864271,5.0,11,,,,,
base,wave_snapshot,1.12062672878789,4.0,1,864271,6.0,11,,,,,
base,wave_snapshot,1.3218001287879,4.0,1,864271,7.0,11,,,,,
base,wave_snapshot,1.52188992878791,4.0,1,864271,8.0,11,,,,,
base,wave_snapshot,1.72066572878791,4.0,1,864271,9.0,11,,,,,
base,wave_snapshot,1.9215843287879,4.0,1,864271,10.0,11,,,,,
base,wave_snapshot,2.12174992878789,4.0,1,864271,11.0,11,,,,,
base,wave_snapshot,2.32084952878789,4.0,1,864271,12.0,11,,,,,
base,wave_snapshot,2.52103392878787,4.0,1,864271,13.0,11,,,,,
base,wave_snapshot,2.72136372878786,4.0,1,864271,14.0,11,,,,,
base,wave_snapshot,2.92172672878785,4.0,1,864271,15.0,11,,,,,
base,wave_snapshot,3.12171392878784,4.0,1,864271,16.0,11,,,,,
base,wave_snapshot,3.32181272878785,4.0,1,864271,17.0,11,,,,,
base,wave_snapshot,3.52075392878788,4.0,1,864271,18.0,11,,,,,
base,wave_snapshot,3.7219513287879,4.0,1,864271,19.0,11,,,,,
base,wave_snapshot,3.92069432878792,4.0,1,864271,20.0,11,,,,,
base,wave_snapshot,4.12171892878794,4.0,1,864271,21.0,11,,,,,
base,wave_snapshot,4.32213912878797,4.0,1,864271,22.0,11,,,,,
base,wave_snapshot,4.520682528788,4.0,1,864271,23.0,11,,,,,
base,wave_snapshot,4.72066972878803,4.0,1,864271,24.0,11,,,,,
base,wave_snapshot,4.92077132878806,4.0,1,864271,25.0,11,,,,,
base,wave_snapshot,5.12118072878808,4.0,1,864271,26.0,11,,,,,
base,wave_snapshot,5.32129986212143,4.0,1,864271,27.0,11,,,,,
base,wave_snapshot,5.52110519545476,4.0,1,864271,28.0,11,,,,,
base,wave_snapshot,5.72125352878812,4.0,1,864271,29.0,11,,,,,
base,wave_snapshot,5.92173432878815,4.0,1,864271,30.0,11,,,,,
base,wave_snapshot,6.12199512878817,4.0,1,864271,31.0,11,,,,,
base,wave_snapshot,6.3206053287882,4.0,1,864271,32.0,11,,,,,
base,wave_snapshot,6.52112532878822,4.0,1,864271,33.0,11,,,,,
base,wave_snapshot,6.72149052878825,4.0,1,864271,34.0,11,,,,,
base,wave_snapshot,6.92181392878828,4.0,1,864271,35.0,11,,,,,
base,wave_snapshot,7.62100679545496,4.0,1,864271,36.0,11,,,,,
base,wave_snapshot,8.57076872878833,4.0,1,864271,37.0,11,,,,,
base,wave_snapshot,9.02109306212168,4.0,1,864271,38.0,11,,,,,
base,wave_snapshot,9.22138212878837,4.0,1,864271,39.0,11,,,,,
base,wave_snapshot,9.42174472878839,4.0,1,864271,40.0,11,,,,,
base,wave_snapshot,9.62185272878843,4.0,1,864271,41.0,11,,,,,
base,wave_snapshot,9.82210168030361,4.0,1,864271,42.0,11,,,,,
base,wave_snapshot,10.0209683287885,4.0,1,864271,43.0,11,,,,,
base,wave_snapshot,10.2212833287885,4.0,1,864271,44.0,11,,,,,
base,wave_snapshot,10.4215763287885,4.0,1,864271,45.0,11,,,,,
base,wave_snapshot,10.8719243287886,4.0,1,864271,46.0,11,,,,,
base,wave_snapshot,11.8220747287886,4.0,1,864271,47.0,11,,,,,
base,wave_snapshot,12.0210407287886,4.0,1,864271,48.0,11,,,,,
base,wave_snapshot,12.2210279287886,4.0,1,864271,49.0,11,,,,,
base,wave_snapshot,12.4212037287887,4.0,1,864271,50.0,11,,,,,
base,wave_snapshot,12.6212390378796,4.0,1,864271,51.0,11,,,,,
base,wave_snapshot,12.8215097287887,4.0,1,864271,52.0,11,,,,,
base,wave_snapshot,13.021106201516,4.0,1,864271,53.0,11,,,,,
base,wave_snapshot,13.2220698621221,4.0,1,864271,54.0,11,,,,,
base,wave_snapshot,13.4207383287888,4.0,1,864271,55.0,11,,,,,
base,wave_snapshot,13.8712347287888,4.0,1,864271,56.0,11,,,,,
base,wave_snapshot,14.5714113287888,4.0,1,864271,57.0,11,,,,,
base,wave_snapshot,15.0215459287888,4.0,1,864271,58.0,11,,,,,
base,wave_snapshot,15.2216579287889,4.0,1,864271,59.0,11,,,,,
base,death,,,1,864271,60.0008852424294,11,0.0,14.0,40.0,25.997029800001,59.9851490000052
base,death,,,1,864271,60.0008852424294,11,0.0,0.0,41.0,11.946595400001,59.7329770000051
base,death,,,1,864271,60.0008852424294,11,0.0,0.0,42.0,11.8952813151525,59.4764065757626
base,death,,,1,864271,60.0008852424294,11,0.0,0.0,43.0,11.844119600001,59.220598000005
base,wave_snapshot,0.121867648484851,4.0,1,864271,1.0,12,,,,,
base,wave_snapshot,0.320811515151515,4.0,1,864271,2.0,12,,,,,
base,wave_snapshot,0.520939915151513,4.0,1,864271,3.0,12,,,,,
base,wave_snapshot,0.721249315151514,4.0,1,864271,4.0,12,,,,,
base,wave_snapshot,0.921704515151519,4.0,1,864271,5.0,12,,,,,
base,wave_snapshot,1.37207231515153,4.0,1,864271,6.0,12,,,,,
base,wave_snapshot,1.82218571515154,4.0,1,864271,7.0,12,,,,,
base,wave_snapshot,2.02106091515155,4.0,1,864271,8.0,12,,,,,
base,wave_snapshot,2.22134411515154,4.0,1,864271,9.0,12,,,,,
base,wave_snapshot,2.42146911515153,4.0,1,864271,10.0,12,,,,,
base,wave_snapshot,2.62212511515152,4.0,1,864271,11.0,12,,,,,
base,wave_snapshot,2.82131591515151,4.0,1,864271,12.0,12,,,,,
base,wave_snapshot,3.02149361818181,4.0,1,864271,13.0,12,,,,,
base,wave_snapshot,3.22186764848483,4.0,1,864271,14.0,12,,,,,
base,wave_snapshot,3.42091151515149,4.0,1,864271,15.0,12,,,,,
base,wave_snapshot,4.37108871515148,4.0,1,864271,16.0,12,,,,,
base,wave_snapshot,5.32123751515149,4.0,1,864271,17.0,12,,,,,
base,wave_snapshot,6.02158891515152,4.0,1,864271,18.0,12,,,,,
base,wave_snapshot,6.22188671515154,4.0,1,864271,19.0,12,,,,,
base,wave_snapshot,6.42088011515157,4.0,1,864271,20.0,12,,,,,
base,wave_snapshot,6.6212043151516,4.0,1,864271,21.0,12,,,,,
base,wave_snapshot,6.82207051515162,4.0,1,864271,22.0,12,,,,,
base,wave_snapshot,7.02097331515164,4.0,1,864271,23.0,12,,,,,
base,wave_snapshot,7.22121851515167,4.0,1,864271,24.0,12,,,,,
base,wave_snapshot,7.42186764848501,4.0,1,864271,25.0,12,,,,,
base,wave_snapshot,8.37095291515169,4.0,1,864271,26.0,12,,,,,
base,wave_snapshot,9.07105931515172,4.0,1,864271,27.0,12,,,,,
base,wave_snapshot,9.27063078181841,4.0,1,864271,28.0,12,,,,,
base,wave_snapshot,9.47194071515176,4.0,1,864271,29.0,12,,,,,
base,wave_snapshot,9.67209591515179,4.0,1,864271,30.0,12,,,,,
base,wave_snapshot,9.87220231515182,4.0,1,864271,31.0,12,,,,,
base,wave_snapshot,10.5709619151518,4.0,1,864271,32.0,12,,,,,
base,wave_snapshot,10.7713591333337,4.0,1,864271,33.0,12,,,,,
base,wave_snapshot,10.9714061151519,4.0,1,864271,34.0,12,,,,,
base,wave_snapshot,11.1718486484853,4.0,1,864271,35.0,12,,,,,
base,wave_snapshot,11.6221662848489,4.0,1,864271,36.0,12,,,,,
base,wave_snapshot,11.820857715152,4.0,1,864271,37.0,12,,,,,
base,wave_snapshot,12.0221706787884,4.0,1,864271,38.0,12,,,,,
base,wave_snapshot,12.2221706787884,4.0,1,864271,39.0,12,,,,,
base,wave_snapshot,12.4215646181824,4.0,1,864271,40.0,12,,,,,
base,wave_snapshot,12.6215646181824,4.0,1,864271,41.0,12,,,,,
base,wave_snapshot,12.8216253151521,4.0,1,864271,42.0,12,,,,,
base,wave_snapshot,13.0216125151521,4.0,1,864271,43.0,12,,,,,
base,wave_snapshot,13.2207003151521,4.0,1,864271,44.0,12,,,,,
base,wave_snapshot,13.4213965151522,4.0,1,864271,45.0,12,,,,,
base,wave_snapshot,13.6213837151522,4.0,1,864271,46.0,12,,,,,
base,wave_snapshot,13.8215129696977,4.0,1,864271,47.0,12,,,,,
base,wave_snapshot,14.0218293151523,4.0,1,864271,48.0,12,,,,,
base,wave_snapshot,14.2220823151523,4.0,1,864271,49.0,12,,,,,
base,wave_snapshot,14.4206875151523,4.0,1,864271,50.0,12,,,,,
base,wave_snapshot,14.6206747151523,4.0,1,864271,51.0,12,,,,,
base,wave_snapshot,14.8209711151524,4.0,1,864271,52.0,12,,,,,
base,wave_snapshot,15.0218676484857,4.0,1,864271,53.0,12,,,,,
base,wave_snapshot,15.2209219151524,4.0,1,864271,54.0,12,,,,,
base,wave_snapshot,15.4210405151524,4.0,1,864271,55.0,12,,,,,
base,wave_snapshot,15.6212791151524,4.0,1,864271,56.0,12,,,,,
base,wave_snapshot,15.8218039151524,4.0,1,864271,57.0,12,,,,,
base,wave_snapshot,16.0218957151525,4.0,1,864271,58.0,12,,,,,
base,wave_snapshot,16.2209585575767,4.0,1,864271,59.0,12,,,,,
base,death,,,1,864271,60.0029156363686,12,0.0,16.0,44.0,27.997354060607,59.9867703030352
base,death,,,1,864271,60.0029156363686,12,0.0,0.0,45.0,11.946508000001,59.7325400000049
base,death,,,1,864271,60.0029156363686,12,0.0,0.0,46.0,11.896354400001,59.4817720000049
base,death,,,1,864271,60.0029156363686,12,0.0,2.0,47.0,13.844795200001,59.2239760000049
base,wave_snapshot,0.121768095454544,4.0,1,864271,1.0,13,,,,,
base,wave_snapshot,0.32144070151515,4.0,1,864271,2.0,13,,,,,
base,wave_snapshot,0.521013828787877,4.0,1,864271,3.0,13,,,,,
base,wave_snapshot,0.721541428787876,4.0,1,864271,4.0,13,,,,,
base,wave_snapshot,0.921528628787881,4.0,1,864271,5.0,13,,,,,
base,wave_snapshot,1.12157558636365,4.0,1,864271,6.0,13,,,,,
base,wave_snapshot,1.3204232287879,4.0,1,864271,7.0,13,,,,,
base,wave_snapshot,1.5205792287879,4.0,1,864271,8.0,13,,,,,
base,wave_snapshot,1.7210896287879,4.0,1,864271,9.0,13,,,,,
base,wave_snapshot,1.92142862878789,4.0,1,864271,10.0,13,,,,,
base,wave_snapshot,2.12046066515152,4.0,1,864271,11.0,13,,,,,
base,wave_snapshot,2.32063311363636,4.0,1,864271,12.0,13,,,,,
base,wave_snapshot,2.52181362878786,4.0,1,864271,13.0,13,,,,,
base,wave_snapshot,2.72180082878785,4.0,1,864271,14.0,13,,,,,
base,wave_snapshot,2.92178802878783,4.0,1,864271,15.0,13,,,,,
base,wave_snapshot,3.12177522878782,4.0,1,864271,16.0,13,,,,,
base,wave_snapshot,3.32063311363632,4.0,1,864271,17.0,13,,,,,
base,wave_snapshot,3.52080902878785,4.0,1,864271,18.0,13,,,,,
base,wave_snapshot,3.72152902878788,4.0,1,864271,19.0,13,,,,,
base,wave_snapshot,3.92048159848487,4.0,1,864271,20.0,13,,,,,
base,wave_snapshot,4.12048822878794,4.0,1,864271,21.0,13,,,,,
base,wave_snapshot,4.57038093181827,4.0,1,864271,22.0,13,,,,,
base,wave_snapshot,4.77133682878799,4.0,1,864271,23.0,13,,,,,
base,wave_snapshot,4.97151722878801,4.0,1,864271,24.0,13,,,,,
base,wave_snapshot,5.17150442878805,4.0,1,864271,25.0,13,,,,,
base,wave_snapshot,5.37149162878808,4.0,1,864271,26.0,13,,,,,
base,wave_snapshot,5.57147882878811,4.0,1,864271,27.0,13,,,,,
base,wave_snapshot,5.77146602878814,4.0,1,864271,28.0,13,,,,,
base,wave_snapshot,5.97162482878817,4.0,1,864271,29.0,13,,,,,
base,wave_snapshot,6.17035862878819,4.0,1,864271,30.0,13,,,,,
base,wave_snapshot,6.3708342287882,4.0,1,864271,31.0,13,,,,,
base,wave_snapshot,6.57179496212156,4.0,1,864271,32.0,13,,,,,
base,wave_snapshot,6.77112462878825,4.0,1,864271,33.0,13,,,,,
base,wave_snapshot,6.97111182878828,4.0,1,864271,34.0,13,,,,,
base,wave_snapshot,7.42139482878831,4.0,1,864271,35.0,13,,,,,
base,wave_snapshot,7.87151802878834,4.0,1,864271,36.0,13,,,,,
base,wave_snapshot,8.07049342878837,4.0,1,864271,37.0,13,,,,,
base,wave_snapshot,9.0204806287884,4.0,1,864271,38.0,13,,,,,
base,wave_snapshot,9.47061322878843,4.0,1,864271,39.0,13,,,,,
base,wave_snapshot,9.67091542878846,4.0,1,864271,40.0,13,,,,,
base,wave_snapshot,9.87047566515211,4.0,1,864271,41.0,13,,,,,
base,wave_snapshot,10.0705214287885,4.0,1,864271,42.0,13,,,,,
base,wave_snapshot,10.2708568287885,4.0,1,864271,43.0,13,,,,,
base,wave_snapshot,10.4708440287886,4.0,1,864271,44.0,13,,,,,
base,wave_snapshot,10.6710080287886,4.0,1,864271,45.0,13,,,,,
base,wave_snapshot,11.3711876287886,4.0,1,864271,46.0,13,,,,,
base,wave_snapshot,11.5715514287886,4.0,1,864271,47.0,13,,,,,
base,wave_snapshot,11.7716684287887,4.0,1,864271,48.0,13,,,,,
base,wave_snapshot,11.9704036287887,4.0,1,864271,49.0,13,,,,,
base,wave_snapshot,12.1715422045463,4.0,1,864271,50.0,13,,,,,
base,wave_snapshot,12.3715050287888,4.0,1,864271,51.0,13,,,,,
base,wave_snapshot,12.5705612287888,4.0,1,864271,52.0,13,,,,,
base,wave_snapshot,12.7709144287888,4.0,1,864271,53.0,13,,,,,
base,wave_snapshot,12.9703300833343,4.0,1,864271,54.0,13,,,,,
base,wave_snapshot,13.1712510287888,4.0,1,864271,55.0,13,,,,,
base,wave_snapshot,13.3715592287889,4.0,1,864271,56.0,13,,,,,
base,wave_snapshot,13.5715464287889,4.0,1,864271,57.0,13,,,,,
base,wave_snapshot,13.7715336287889,4.0,1,864271,58.0,13,,,,,
base,wave_snapshot,13.971520828789,4.0,1,864271,59.0,13,,,,,
base,death,,,1,864271,60.0070539697026,13,0.0,0.0,48.0,11.9981817272738,59.9909086363692
base,death,,,1,864271,60.0070539697026,13,0.0,8.0,49.0,19.9471211212132,59.7356056060662
base,death,,,1,864271,60.0070539697026,13,0.0,1.0,50.0,12.8962365333344,59.4811826666722
base,death,,,1,864271,60.0070539697026,13,0.0,0.0,51.0,11.8452351333344,59.2261756666721
base,wave_snapshot,0.12171176969697,4.0,1,864271,1.0,14,,,,,
base,wave_snapshot,0.321105969696969,4.0,1,864271,2.0,14,,,,,
base,wave_snapshot,0.521262369696968,4.0,1,864271,3.0,14,,,,,
base,wave_snapshot,0.721952969696967,4.0,1,864271,4.0,14,,,,,
base,wave_snapshot,0.922069969696973,4.0,1,864271,5.0,14,,,,,
base,wave_snapshot,1.12075236969698,4.0,1,864271,6.0,14,,,,,
base,wave_snapshot,1.32095676969699,4.0,1,864271,7.0,14,,,,,
base,wave_snapshot,1.521369569697,4.0,1,864271,8.0,14,,,,,
base,wave_snapshot,1.721684769697,4.0,1,864271,9.0,14,,,,,
base,wave_snapshot,1.92056750303032,4.0,1,864271,10.0,14,,,,,
base,wave_snapshot,2.12111616969697,4.0,1,864271,11.0,14,,,,,
base,wave_snapshot,2.32147896969696,4.0,1,864271,12.0,14,,,,,
base,wave_snapshot,2.52146616969695,4.0,1,864271,13.0,14,,,,,
base,wave_snapshot,2.72158576969694,4.0,1,864271,14.0,14,,,,,
base,wave_snapshot,2.92132507878785,4.0,1,864271,15.0,14,,,,,
base,wave_snapshot,3.12208265454541,4.0,1,864271,16.0,14,,,,,
base,wave_snapshot,3.32082996969694,4.0,1,864271,17.0,14,,,,,
base,wave_snapshot,3.52148496969696,4.0,1,864271,18.0,14,,,,,
base,wave_snapshot,3.72196796969698,4.0,1,864271,19.0,14,,,,,
base,wave_snapshot,3.92193113939397,4.0,1,864271,20.0,14,,,,,
base,wave_snapshot,4.12146996969703,4.0,1,864271,21.0,14,,,,,
base,wave_snapshot,4.32166305454551,4.0,1,864271,22.0,14,,,,,
base,wave_snapshot,4.52158716969705,4.0,1,864271,23.0,14,,,,,
base,wave_snapshot,4.72188376969708,4.0,1,864271,24.0,14,,,,,
base,wave_snapshot,4.92060856969711,4.0,1,864271,25.0,14,,,,,
base,wave_snapshot,5.12059576969714,4.0,1,864271,26.0,14,,,,,
base,wave_snapshot,5.32134837922098,4.0,1,864271,27.0,14,,,,,
base,wave_snapshot,5.52062776969718,4.0,1,864271,28.0,14,,,,,
base,wave_snapshot,5.72075176969721,4.0,1,864271,29.0,14,,,,,
base,wave_snapshot,5.92073896969724,4.0,1,864271,30.0,14,,,,,
base,wave_snapshot,6.12072616969728,4.0,1,864271,31.0,14,,,,,
base,wave_snapshot,6.3208897696973,4.0,1,864271,32.0,14,,,,,
base,wave_snapshot,6.52087696969733,4.0,1,864271,33.0,14,,,,,
base,wave_snapshot,6.72102136969736,4.0,1,864271,34.0,14,,,,,
base,wave_snapshot,6.92159076969738,4.0,1,864271,35.0,14,,,,,
base,wave_snapshot,7.12157796969741,4.0,1,864271,36.0,14,,,,,
base,wave_snapshot,7.5712344303035,4.0,1,864271,37.0,14,,,,,
base,wave_snapshot,7.77076056969745,4.0,1,864271,38.0,14,,,,,
base,wave_snapshot,7.97132336969748,4.0,1,864271,39.0,14,,,,,
base,wave_snapshot,8.17101464242478,4.0,1,864271,40.0,14,,,,,
base,wave_snapshot,8.37193113939451,4.0,1,864271,41.0,14,,,,,
base,wave_snapshot,8.57086476969756,4.0,1,864271,42.0,14,,,,,
base,wave_snapshot,8.77193113939456,4.0,1,864271,43.0,14,,,,,
base,wave_snapshot,8.97140916969762,4.0,1,864271,44.0,14,,,,,
base,wave_snapshot,9.17139636969765,4.0,1,864271,45.0,14,,,,,
base,wave_snapshot,9.37071901818252,4.0,1,864271,46.0,14,,,,,
base,wave_snapshot,9.82084376969769,4.0,1,864271,47.0,14,,,,,
base,wave_snapshot,10.0211403696977,4.0,1,864271,48.0,14,,,,,
base,wave_snapshot,10.2213089696977,4.0,1,864271,49.0,14,,,,,
base,wave_snapshot,10.4216387696978,4.0,1,864271,50.0,14,,,,,
base,wave_snapshot,10.6217999696978,4.0,1,864271,51.0,14,,,,,
base,wave_snapshot,10.8219083696978,4.0,1,864271,52.0,14,,,,,
base,wave_snapshot,11.0220719696979,4.0,1,864271,53.0,14,,,,,
base,wave_snapshot,11.2206821696979,4.0,1,864271,54.0,14,,,,,
base,wave_snapshot,11.4209393151524,4.0,1,864271,55.0,14,,,,,
base,wave_snapshot,12.1215914242434,4.0,1,864271,56.0,14,,,,,
base,wave_snapshot,13.072088969698,4.0,1,864271,57.0,14,,,,,
base,wave_snapshot,13.270695169698,4.0,1,864271,58.0,14,,,,,
base,wave_snapshot,13.471444769698,4.0,1,864271,59.0,14,,,,,
base,death,,,1,864271,60.0067825454599,14,0.0,0.0,52.0,11.9982789575768,59.9913947878841
base,death,,,1,864271,60.0067825454599,14,0.0,7.0,53.0,18.9475258000011,59.7376290000053
base,death,,,1,864271,60.0067825454599,14,0.0,0.0,54.0,11.8959666000011,59.4798330000053
base,death,,,1,864271,60.0067825454599,14,0.0,0.0,55.0,11.8459589212132,59.2297946060659
base,wave_snapshot,0.120931765151515,4.0,1,864271,1.0,15,,,,,
base,wave_snapshot,0.321368365151515,4.0,1,864271,2.0,15,,,,,
base,wave_snapshot,0.521536365151513,4.0,1,864271,3.0,15,,,,,
base,wave_snapshot,0.722041565151514,4.0,1,864271,4.0,15,,,,,
base,wave_snapshot,1.42106336515152,4.0,1,864271,5.0,15,,,,,
base,wave_snapshot,2.37149116515153,4.0,1,864271,6.0,15,,,,,
base,wave_snapshot,3.07178496515153,4.0,1,864271,7.0,15,,,,,
base,wave_snapshot,3.77206436515154,4.0,1,864271,8.0,15,,,,,
base,wave_snapshot,3.97223536515154,4.0,1,864271,9.0,15,,,,,
base,wave_snapshot,4.17114176515153,4.0,1,864271,10.0,15,,,,,
base,wave_snapshot,4.37144796515152,4.0,1,864271,11.0,15,,,,,
base,wave_snapshot,4.57175196515151,4.0,1,864271,12.0,15,,,,,
base,wave_snapshot,4.7715501712121,4.0,1,864271,13.0,15,,,,,
base,wave_snapshot,4.97192136515149,4.0,1,864271,14.0,15,,,,,
base,wave_snapshot,5.17220376515148,4.0,1,864271,15.0,15,,,,,
base,wave_snapshot,5.87095256515147,4.0,1,864271,16.0,15,,,,,
base,wave_snapshot,7.07108536515148,4.0,1,864271,17.0,15,,,,,
base,wave_snapshot,7.77142836515151,4.0,1,864271,18.0,15,,,,,
base,wave_snapshot,7.97151496515154,4.0,1,864271,19.0,15,,,,,
base,wave_snapshot,8.17187916515157,4.0,1,864271,20.0,15,,,,,
base,wave_snapshot,8.3721861651516,4.0,1,864271,21.0,15,,,,,
base,wave_snapshot,8.57085036515163,4.0,1,864271,22.0,15,,,,,
base,wave_snapshot,8.77102983181832,4.0,1,864271,23.0,15,,,,,
base,wave_snapshot,8.97158816515168,4.0,1,864271,24.0,15,,,,,
base,wave_snapshot,9.17231636515171,4.0,1,864271,25.0,15,,,,,
base,wave_snapshot,9.37104331666689,4.0,1,864271,26.0,15,,,,,
base,wave_snapshot,9.57165716515175,4.0,1,864271,27.0,15,,,,,
base,wave_snapshot,10.0216443651518,4.0,1,864271,28.0,15,,,,,
base,wave_snapshot,10.2217691651518,4.0,1,864271,29.0,15,,,,,
base,wave_snapshot,10.4217563651518,4.0,1,864271,30.0,15,,,,,
base,wave_snapshot,10.6218685651519,4.0,1,864271,31.0,15,,,,,
base,wave_snapshot,10.8218557651519,4.0,1,864271,32.0,15,,,,,
base,wave_snapshot,11.0209627651519,4.0,1,864271,33.0,15,,,,,
base,wave_snapshot,11.2209319651519,4.0,1,864271,34.0,15,,,,,
base,wave_snapshot,11.4212629651519,4.0,1,864271,35.0,15,,,,,
base,wave_snapshot,11.621250165152,4.0,1,864271,36.0,15,,,,,
base,wave_snapshot,11.8222554378793,4.0,1,864271,37.0,15,,,,,
base,wave_snapshot,12.0213843725594,4.0,1,864271,38.0,15,,,,,
base,wave_snapshot,12.222087165152,4.0,1,864271,39.0,15,,,,,
base,wave_snapshot,12.4220743651521,4.0,1,864271,40.0,15,,,,,
base,wave_snapshot,12.6222597651521,4.0,1,864271,41.0,15,,,,,
base,wave_snapshot,12.8208293166673,4.0,1,864271,42.0,15,,,,,
base,wave_snapshot,13.0215935651521,4.0,1,864271,43.0,15,,,,,
base,wave_snapshot,13.2215807651522,4.0,1,864271,44.0,15,,,,,
base,wave_snapshot,13.4220643651522,4.0,1,864271,45.0,15,,,,,
base,wave_snapshot,13.6211273651522,4.0,1,864271,46.0,15,,,,,
base,wave_snapshot,13.8209664681825,4.0,1,864271,47.0,15,,,,,
base,wave_snapshot,14.0211948318189,4.0,1,864271,48.0,15,,,,,
base,wave_snapshot,14.2219943651523,4.0,1,864271,49.0,15,,,,,
base,wave_snapshot,14.4219524075765,4.0,1,864271,50.0,15,,,,,
base,wave_snapshot,14.621492831819,4.0,1,864271,51.0,15,,,,,
base,wave_snapshot,14.8216223651523,4.0,1,864271,52.0,15,,,,,
base,wave_snapshot,15.0213463469705,4.0,1,864271,53.0,15,,,,,
base,wave_snapshot,15.2218887651524,4.0,1,864271,54.0,15,,,,,
base,wave_snapshot,15.4222554378797,4.0,1,864271,55.0,15,,,,,
base,wave_snapshot,15.6215849651524,4.0,1,864271,56.0,15,,,,,
base,wave_snapshot,15.8209458500009,4.0,1,864271,57.0,15,,,,,
base,wave_snapshot,16.0211655651525,4.0,1,864271,58.0,15,,,,,
base,wave_snapshot,16.2218077651525,4.0,1,864271,59.0,15,,,,,
base,death,,,1,864271,60.0049132424293,15,0.0,0.0,56.0,11.997822600001,59.989113000005
base,death,,,1,864271,60.0049132424293,15,0.0,0.0,57.0,11.9465916606071,59.7329583030353
base,death,,,1,864271,60.0049132424293,15,0.0,0.0,58.0,11.896478600001,59.482393000005
base,death,,,1,864271,60.0049132424293,15,0.0,18.0,59.0,29.846287000001,59.2314350000049
base,wave_snapshot,0.121233119432418,4.0,1,864271,1.0,16,,,,,
base,wave_snapshot,0.320812604280902,4.0,1,864271,2.0,16,,,,,
base,wave_snapshot,0.521864852765751,4.0,1,864271,3.0,16,,,,,
base,wave_snapshot,0.721599319432416,4.0,1,864271,4.0,16,,,,,
base,wave_snapshot,0.921586519432421,4.0,1,864271,5.0,16,,,,,
base,wave_snapshot,1.37157371943243,4.0,1,864271,6.0,16,,,,,
base,wave_snapshot,2.07156091943244,4.0,1,864271,7.0,16,,,,,
base,wave_snapshot,2.27154811943245,4.0,1,864271,8.0,16,,,,,
base,wave_snapshot,2.47153531943245,4.0,1,864271,9.0,16,,,,,
base,wave_snapshot,2.67152251943243,4.0,1,864271,10.0,16,,,,,
base,wave_snapshot,2.87150971943242,4.0,1,864271,11.0,16,,,,,
base,wave_snapshot,3.07149691943241,4.0,1,864271,12.0,16,,,,,
base,wave_snapshot,3.27148411943239,4.0,1,864271,13.0,16,,,,,
base,wave_snapshot,3.47147131943238,4.0,1,864271,14.0,16,,,,,
base,wave_snapshot,3.92145851943237,4.0,1,864271,15.0,16,,,,,
base,wave_snapshot,4.87189971943236,4.0,1,864271,16.0,16,,,,,
base,wave_snapshot,5.82051691943237,4.0,1,864271,17.0,16,,,,,
base,wave_snapshot,6.7708895194324,4.0,1,864271,18.0,16,,,,,
base,wave_snapshot,6.97106291943242,4.0,1,864271,19.0,16,,,,,
base,wave_snapshot,7.17118411943245,4.0,1,864271,20.0,16,,,,,
base,wave_snapshot,7.37195129519005,4.0,1,864271,21.0,16,,,,,
base,wave_snapshot,7.57091911943249,4.0,1,864271,22.0,16,,,,,
base,wave_snapshot,7.77182471943252,4.0,1,864271,23.0,16,,,,,
base,wave_snapshot,7.97042931943255,4.0,1,864271,24.0,16,,,,,
base,wave_snapshot,8.42079711943257,4.0,1,864271,25.0,16,,,,,
base,wave_snapshot,8.87152465276593,4.0,1,864271,26.0,16,,,,,
base,wave_snapshot,9.57031191943261,4.0,1,864271,27.0,16,,,,,
base,wave_snapshot,9.77131645276597,4.0,1,864271,28.0,16,,,,,
base,wave_snapshot,9.97156911943266,4.0,1,864271,29.0,16,,,,,
base,wave_snapshot,10.1718271194327,4.0,1,864271,30.0,16,,,,,
base,wave_snapshot,10.3707391739782,4.0,1,864271,31.0,16,,,,,
base,wave_snapshot,10.5705751194327,4.0,1,864271,32.0,16,,,,,
base,wave_snapshot,10.7709885194328,4.0,1,864271,33.0,16,,,,,
base,wave_snapshot,10.9716482648873,4.0,1,864271,34.0,16,,,,,
base,wave_snapshot,11.1707391739783,4.0,1,864271,35.0,16,,,,,
base,wave_snapshot,11.3706185194328,4.0,1,864271,36.0,16,,,,,
base,wave_snapshot,11.5707227194329,4.0,1,864271,37.0,16,,,,,
base,wave_snapshot,11.7708337194329,4.0,1,864271,38.0,16,,,,,
base,wave_snapshot,11.9706381638774,4.0,1,864271,39.0,16,,,,,
base,wave_snapshot,12.1714323194329,4.0,1,864271,40.0,16,,,,,
base,wave_snapshot,12.371803519433,4.0,1,864271,41.0,16,,,,,
base,wave_snapshot,12.570566319433,4.0,1,864271,42.0,16,,,,,
base,wave_snapshot,12.770914919433,4.0,1,864271,43.0,16,,,,,
base,wave_snapshot,12.970812119433,4.0,1,864271,44.0,16,,,,,
base,wave_snapshot,13.1710487194331,4.0,1,864271,45.0,16,,,,,
base,wave_snapshot,13.3711921194331,4.0,1,864271,46.0,16,,,,,
base,wave_snapshot,13.8217797194331,4.0,1,864271,47.0,16,,,,,
base,wave_snapshot,14.0219469194332,4.0,1,864271,48.0,16,,,,,
base,wave_snapshot,14.2211937194332,4.0,1,864271,49.0,16,,,,,
base,wave_snapshot,14.4214677194332,4.0,1,864271,50.0,16,,,,,
base,wave_snapshot,14.6216993194332,4.0,1,864271,51.0,16,,,,,
base,wave_snapshot,14.8218853194333,4.0,1,864271,52.0,16,,,,,
base,wave_snapshot,15.0218725194333,4.0,1,864271,53.0,16,,,,,
base,wave_snapshot,15.2204303194333,4.0,1,864271,54.0,16,,,,,
base,wave_snapshot,15.4207845194333,4.0,1,864271,55.0,16,,,,,
base,wave_snapshot,16.1207717194334,4.0,1,864271,56.0,16,,,,,
base,wave_snapshot,16.8210289194334,4.0,1,864271,57.0,16,,,,,
base,wave_snapshot,17.0212905194334,4.0,1,864271,58.0,16,,,,,
base,wave_snapshot,17.2204787194335,4.0,1,864271,59.0,16,,,,,
base,death,,,1,864271,60.0076619090963,16,0.0,0.0,60.0,11.9984548303041,59.9922741515205
base,death,,,1,864271,60.0076619090963,16,0.0,22.0,61.0,33.9474178666677,59.7370893333386
base,death,,,1,864271,60.0076619090963,16,0.0,0.0,62.0,11.896511180761,59.4825559038051
base,death,,,1,864271,60.0076619090963,16,0.0,0.0,63.0,11.845395800001,59.2269790000052
base,wave_snapshot,0.12145545,4.0,1,864271,1.0,17,,,,,
base,wave_snapshot,0.321762849999999,4.0,1,864271,2.0,17,,,,,
base,wave_snapshot,0.522114849999998,4.0,1,864271,3.0,17,,,,,
base,wave_snapshot,0.720980649999997,4.0,1,864271,4.0,17,,,,,
base,wave_snapshot,1.17199865000001,4.0,1,864271,5.0,17,,,,,
base,wave_snapshot,2.12193565000001,4.0,1,864271,6.0,17,,,,,
base,wave_snapshot,3.07064965000002,4.0,1,864271,7.0,17,,,,,
base,wave_snapshot,3.77098905000003,4.0,1,864271,8.0,17,,,,,
base,wave_snapshot,3.97155605000003,4.0,1,864271,9.0,17,,,,,
base,wave_snapshot,4.17185365000001,4.0,1,864271,10.0,17,,,,,
base,wave_snapshot,4.37092685000001,4.0,1,864271,11.0,17,,,,,
base,wave_snapshot,4.57156284999999,4.0,1,864271,12.0,17,,,,,
base,wave_snapshot,4.77184624999998,4.0,1,864271,13.0,17,,,,,
base,wave_snapshot,4.97198924999998,4.0,1,864271,14.0,17,,,,,
base,wave_snapshot,5.67110784999996,4.0,1,864271,15.0,17,,,,,
base,death,,,1,864271,15.4964648181816,17,0.0,13.0,67.0,15.945401,14.7270049999998
base,wave_snapshot,3.14716339999995,3.0,1,864271,16.0,17,,,,,
base,wave_snapshot,3.6794293333333,3.0,1,864271,17.0,17,,,,,
base,wave_snapshot,3.88020213333332,3.0,1,864271,18.0,17,,,,,
base,wave_snapshot,4.08057253333335,3.0,1,864271,19.0,17,,,,,
base,wave_snapshot,4.27984533333336,3.0,1,864271,20.0,17,,,,,
base,wave_snapshot,4.48077693333338,3.0,1,864271,21.0,17,,,,,
base,wave_snapshot,4.6794235333334,3.0,1,864271,22.0,17,,,,,
base,wave_snapshot,4.87999053333343,3.0,1,864271,23.0,17,,,,,
base,wave_snapshot,5.08066593333346,3.0,1,864271,24.0,17,,,,,
base,wave_snapshot,5.27938293333348,3.0,1,864271,25.0,17,,,,,
base,wave_snapshot,5.48013755151533,3.0,1,864271,26.0,17,,,,,
base,wave_snapshot,6.01373226666687,3.0,1,864271,27.0,17,,,,,
base,wave_snapshot,6.21280306666689,3.0,1,864271,28.0,17,,,,,
base,wave_snapshot,6.41390026666691,3.0,1,864271,29.0,17,,,,,
base,wave_snapshot,6.61260266666694,3.0,1,864271,30.0,17,,,,,
base,wave_snapshot,6.81329346666697,3.0,1,864271,31.0,17,,,,,
base,wave_snapshot,7.014032666667,3.0,1,864271,32.0,17,,,,,
base,wave_snapshot,7.21325986666702,3.0,1,864271,33.0,17,,,,,
base,wave_snapshot,7.41334746666705,3.0,1,864271,34.0,17,,,,,
base,wave_snapshot,7.94593740000041,3.0,1,864271,35.0,17,,,,,
base,wave_snapshot,9.14658640000043,3.0,1,864271,36.0,17,,,,,
base,wave_snapshot,10.3469182181823,3.0,1,864271,37.0,17,,,,,
base,wave_snapshot,11.2130676666671,3.0,1,864271,38.0,17,,,,,
base,wave_snapshot,11.4136218666672,3.0,1,864271,39.0,17,,,,,
base,wave_snapshot,11.6141286666672,3.0,1,864271,40.0,17,,,,,
base,wave_snapshot,11.8136972666672,3.0,1,864271,41.0,17,,,,,
base,wave_snapshot,12.0126758666672,3.0,1,864271,42.0,17,,,,,
base,wave_snapshot,12.2136040666673,3.0,1,864271,43.0,17,,,,,
base,wave_snapshot,12.4130612666673,3.0,1,864271,44.0,17,,,,,
base,wave_snapshot,13.6129539696976,3.0,1,864271,45.0,17,,,,,
base,death,,,1,864271,45.7945108181852,17,0.0,16.0,66.0,25.0551770000007,45.2758850000033
base,wave_snapshot,9.67276470000068,2.0,1,864271,46.0,17,,,,,
base,wave_snapshot,9.8720345000007,2.0,1,864271,47.0,17,,,,,
base,wave_snapshot,10.0729531000007,2.0,1,864271,48.0,17,,,,,
base,wave_snapshot,10.2723855363644,2.0,1,864271,49.0,17,,,,,
base,wave_snapshot,10.4725489000008,2.0,1,864271,50.0,17,,,,,
base,wave_snapshot,10.6718442333341,2.0,1,864271,51.0,17,,,,,
base,wave_snapshot,10.8717371000008,2.0,1,864271,52.0,17,,,,,
base,wave_snapshot,11.0716123000008,2.0,1,864271,53.0,17,,,,,
base,wave_snapshot,11.2718224333342,2.0,1,864271,54.0,17,,,,,
base,wave_snapshot,11.4717285000009,2.0,1,864271,55.0,17,,,,,
base,wave_snapshot,11.6717257000009,2.0,1,864271,56.0,17,,,,,
base,wave_snapshot,11.8723777000009,2.0,1,864271,57.0,17,,,,,
base,wave_snapshot,12.0729531000009,2.0,1,864271,58.0,17,,,,,
base,wave_snapshot,12.272830900001,2.0,1,864271,59.0,17,,,,,
base,death,,,1,864271,60.0039888181868,17,0.0,0.0,64.0,11.997602000001,59.9880100000049
base,death,,,1,864271,60.0039888181868,17,0.0,1.0,65.0,12.947069400001,59.7353470000049
base,wave_snapshot,0.120269649999999,4.0,1,864271,1.0,18,,,,,
base,wave_snapshot,0.321023522727275,4.0,1,864271,2.0,18,,,,,
base,wave_snapshot,0.520781849999997,4.0,1,864271,3.0,18,,,,,
base,wave_snapshot,0.721074449999995,4.0,1,864271,4.0,18,,,,,
base,wave_snapshot,0.921588850000001,4.0,1,864271,5.0,18,,,,,
base,wave_snapshot,1.12045505000001,4.0,1,864271,6.0,18,,,,,
base,wave_snapshot,1.32057685000002,4.0,1,864271,7.0,18,,,,,
base,wave_snapshot,1.52056405000003,4.0,1,864271,8.0,18,,,,,
base,wave_snapshot,1.72055125000003,4.0,1,864271,9.0,18,,,,,
base,wave_snapshot,1.92092445000002,4.0,1,864271,10.0,18,,,,,
base,wave_snapshot,2.12096269973546,4.0,1,864271,11.0,18,,,,,
base,wave_snapshot,2.32156120151516,4.0,1,864271,12.0,18,,,,,
base,wave_snapshot,2.52117503787879,4.0,1,864271,13.0,18,,,,,
base,wave_snapshot,2.72022864999999,4.0,1,864271,14.0,18,,,,,
base,wave_snapshot,2.92035524999998,4.0,1,864271,15.0,18,,,,,
base,wave_snapshot,3.12053324999997,4.0,1,864271,16.0,18,,,,,
base,wave_snapshot,3.82099864999998,4.0,1,864271,17.0,18,,,,,
base,wave_snapshot,4.02098585000001,4.0,1,864271,18.0,18,,,,,
base,wave_snapshot,4.22097305000005,4.0,1,864271,19.0,18,,,,,
base,wave_snapshot,4.42131125000008,4.0,1,864271,20.0,18,,,,,
base,wave_snapshot,4.62129845000011,4.0,1,864271,21.0,18,,,,,
base,wave_snapshot,4.82016925000012,4.0,1,864271,22.0,18,,,,,
base,wave_snapshot,5.02038765000015,4.0,1,864271,23.0,18,,,,,
base,wave_snapshot,5.22055825000018,4.0,1,864271,24.0,18,,,,,
base,wave_snapshot,5.4208378500002,4.0,1,864271,25.0,18,,,,,
base,wave_snapshot,5.62100385000022,4.0,1,864271,26.0,18,,,,,
base,wave_snapshot,5.82117385000025,4.0,1,864271,27.0,18,,,,,
base,wave_snapshot,6.02161605000026,4.0,1,864271,28.0,18,,,,,
base,wave_snapshot,6.22132885000028,4.0,1,864271,29.0,18,,,,,
base,wave_snapshot,6.42140465000029,4.0,1,864271,30.0,18,,,,,
base,wave_snapshot,6.62152665000032,4.0,1,864271,31.0,18,,,,,
base,wave_snapshot,6.82026505000033,4.0,1,864271,32.0,18,,,,,
base,wave_snapshot,7.02138725000036,4.0,1,864271,33.0,18,,,,,
base,wave_snapshot,7.22083485000039,4.0,1,864271,34.0,18,,,,,
base,wave_snapshot,7.67121325000041,4.0,1,864271,35.0,18,,,,,
base,wave_snapshot,8.12139125000044,4.0,1,864271,36.0,18,,,,,
base,wave_snapshot,8.82137845000047,4.0,1,864271,37.0,18,,,,,
base,wave_snapshot,9.7715652500005,4.0,1,864271,38.0,18,,,,,
base,wave_snapshot,9.97079647424295,4.0,1,864271,39.0,18,,,,,
base,wave_snapshot,10.1705608500005,4.0,1,864271,40.0,18,,,,,
base,wave_snapshot,10.3707324500006,4.0,1,864271,41.0,18,,,,,
base,wave_snapshot,10.5708998500006,4.0,1,864271,42.0,18,,,,,
base,wave_snapshot,10.7708870500006,4.0,1,864271,43.0,18,,,,,
base,wave_snapshot,10.9714282500006,4.0,1,864271,44.0,18,,,,,
base,wave_snapshot,11.6715252500007,4.0,1,864271,45.0,18,,,,,
base,wave_snapshot,11.8705130500007,4.0,1,864271,46.0,18,,,,,
base,wave_snapshot,12.0705002500007,4.0,1,864271,47.0,18,,,,,
base,wave_snapshot,12.7710516500008,4.0,1,864271,48.0,18,,,,,
base,wave_snapshot,12.9701678500008,4.0,1,864271,49.0,18,,,,,
base,wave_snapshot,13.1706248500008,4.0,1,864271,50.0,18,,,,,
base,wave_snapshot,13.3711743833342,4.0,1,864271,51.0,18,,,,,
base,wave_snapshot,13.5716002500008,4.0,1,864271,52.0,18,,,,,
base,wave_snapshot,13.7706228500009,4.0,1,864271,53.0,18,,,,,
base,wave_snapshot,13.9708930500009,4.0,1,864271,54.0,18,,,,,
base,wave_snapshot,14.6702222500009,4.0,1,864271,55.0,18,,,,,
base,wave_snapshot,15.120338050001,4.0,1,864271,56.0,18,,,,,
base,wave_snapshot,15.3207204924252,4.0,1,864271,57.0,18,,,,,
base,wave_snapshot,16.270771850001,4.0,1,864271,58.0,18,,,,,
base,wave_snapshot,16.4698114015162,4.0,1,864271,59.0,18,,,,,
base,death,,,1,864271,60.0014333333386,18,0.0,0.0,68.0,11.9970576000011,59.9852880000053
base,death,,,1,864271,60.0014333333386,18,0.0,17.0,69.0,28.9458810000011,59.7294050000053
base,death,,,1,864271,60.0014333333386,18,0.0,2.0,70.0,13.8943218000011,59.4716090000053
base,death,,,1,864271,60.0014333333386,18,0.0,0.0,71.0,11.844155000001,59.2207750000052
base,wave_snapshot,0.121271712121211,4.0,1,864271,1.0,19,,,,,
base,wave_snapshot,0.320688245454544,4.0,1,864271,2.0,19,,,,,
base,wave_snapshot,0.520962845454542,4.0,1,864271,3.0,19,,,,,
base,wave_snapshot,0.721583645454541,4.0,1,864271,4.0,19,,,,,
base,wave_snapshot,0.921001245454546,4.0,1,864271,5.0,19,,,,,
base,wave_snapshot,1.12113744545455,4.0,1,864271,6.0,19,,,,,
base,wave_snapshot,1.32159064545456,4.0,1,864271,7.0,19,,,,,
base,wave_snapshot,1.52026304545458,4.0,1,864271,8.0,19,,,,,
base,wave_snapshot,1.72104064545457,4.0,1,864271,9.0,19,,,,,
base,wave_snapshot,1.92102784545456,4.0,1,864271,10.0,19,,,,,
base,wave_snapshot,2.12141184545455,4.0,1,864271,11.0,19,,,,,
base,wave_snapshot,2.32155584545454,4.0,1,864271,12.0,19,,,,,
base,wave_snapshot,2.5219297121212,4.0,1,864271,13.0,19,,,,,
base,wave_snapshot,2.72134544545452,4.0,1,864271,14.0,19,,,,,
base,wave_snapshot,2.92169864545451,4.0,1,864271,15.0,19,,,,,
base,wave_snapshot,3.1216858454545,4.0,1,864271,16.0,19,,,,,
base,wave_snapshot,3.32186624545451,4.0,1,864271,17.0,19,,,,,
base,wave_snapshot,3.52108844545453,4.0,1,864271,18.0,19,,,,,
base,wave_snapshot,3.72107564545456,4.0,1,864271,19.0,19,,,,,
base,wave_snapshot,3.92126204545459,4.0,1,864271,20.0,19,,,,,
base,wave_snapshot,4.12141837878794,4.0,1,864271,21.0,19,,,,,
base,wave_snapshot,4.32170804545463,4.0,1,864271,22.0,19,,,,,
base,wave_snapshot,4.52049404545465,4.0,1,864271,23.0,19,,,,,
base,wave_snapshot,4.72048124545469,4.0,1,864271,24.0,19,,,,,
base,wave_snapshot,4.9207402454547,4.0,1,864271,25.0,19,,,,,
base,wave_snapshot,5.12098364545473,4.0,1,864271,26.0,19,,,,,
base,wave_snapshot,5.32117004545476,4.0,1,864271,27.0,19,,,,,
base,wave_snapshot,5.52128984545479,4.0,1,864271,28.0,19,,,,,
base,wave_snapshot,5.72186844545481,4.0,1,864271,29.0,19,,,,,
base,wave_snapshot,5.92185564545485,4.0,1,864271,30.0,19,,,,,
base,wave_snapshot,6.12058764545487,4.0,1,864271,31.0,19,,,,,
base,wave_snapshot,6.3209298454549,4.0,1,864271,32.0,19,,,,,
base,wave_snapshot,6.52071759090947,4.0,1,864271,33.0,19,,,,,
base,wave_snapshot,6.72187504545493,4.0,1,864271,34.0,19,,,,,
base,wave_snapshot,6.92186224545497,4.0,1,864271,35.0,19,,,,,
base,wave_snapshot,7.12108724545499,4.0,1,864271,36.0,19,,,,,
base,wave_snapshot,7.32139264545502,4.0,1,864271,37.0,19,,,,,
base,wave_snapshot,7.52137984545505,4.0,1,864271,38.0,19,,,,,
base,wave_snapshot,7.72045204545507,4.0,1,864271,39.0,19,,,,,
base,wave_snapshot,7.92102004545509,4.0,1,864271,40.0,19,,,,,
base,wave_snapshot,8.12134804545512,4.0,1,864271,41.0,19,,,,,
base,wave_snapshot,8.32035086363697,4.0,1,864271,42.0,19,,,,,
base,wave_snapshot,8.52026304545517,4.0,1,864271,43.0,19,,,,,
base,wave_snapshot,8.7213836454552,4.0,1,864271,44.0,19,,,,,
base,wave_snapshot,8.92137084545523,4.0,1,864271,45.0,19,,,,,
base,wave_snapshot,9.12182524545525,4.0,1,864271,46.0,19,,,,,
base,wave_snapshot,9.32044564545527,4.0,1,864271,47.0,19,,,,,
base,wave_snapshot,9.52080388181894,4.0,1,864271,48.0,19,,,,,
base,wave_snapshot,9.72141944545532,4.0,1,864271,49.0,19,,,,,
base,wave_snapshot,9.92170204545535,4.0,1,864271,50.0,19,,,,,
base,wave_snapshot,10.1206422454554,4.0,1,864271,51.0,19,,,,,
base,wave_snapshot,10.3207422454554,4.0,1,864271,52.0,19,,,,,
base,wave_snapshot,10.5212418454554,4.0,1,864271,53.0,19,,,,,
base,wave_snapshot,10.7216434454554,4.0,1,864271,54.0,19,,,,,
base,wave_snapshot,10.9203924454555,4.0,1,864271,55.0,19,,,,,
base,wave_snapshot,11.1206978454555,4.0,1,864271,56.0,19,,,,,
base,wave_snapshot,11.3208392454555,4.0,1,864271,57.0,19,,,,,
base,wave_snapshot,11.5215346454555,4.0,1,864271,58.0,19,,,,,
base,wave_snapshot,11.7218634454556,4.0,1,864271,59.0,19,,,,,
base,death,,,1,864271,60.000340666672,19,0.0,0.0,72.0,11.9969905818192,59.9849529090962
base,death,,,1,864271,60.000340666672,19,0.0,0.0,73.0,11.9454508000011,59.7272540000053
base,death,,,1,864271,60.000340666672,19,0.0,0.0,74.0,11.894816800001,59.4740840000052
base,death,,,1,864271,60.000340666672,19,0.0,0.0,75.0,11.844483600001,59.2224180000052
base,wave_snapshot,0.1198437,4.0,1,864271,1.0,20,,,,,
base,wave_snapshot,0.320482251515151,4.0,1,864271,2.0,20,,,,,
base,wave_snapshot,0.519777699999998,4.0,1,864271,3.0,20,,,,,
base,wave_snapshot,0.719894699999998,4.0,1,864271,4.0,20,,,,,
base,wave_snapshot,0.921007948484854,4.0,1,864271,5.0,20,,,,,
base,wave_snapshot,1.11988610000001,4.0,1,864271,6.0,20,,,,,
base,wave_snapshot,1.31966636666669,4.0,1,864271,7.0,20,,,,,
base,wave_snapshot,1.52019443939397,4.0,1,864271,8.0,20,,,,,
base,wave_snapshot,1.72037870000003,4.0,1,864271,9.0,20,,,,,
base,wave_snapshot,1.92040188787881,4.0,1,864271,10.0,20,,,,,
base,wave_snapshot,2.12002290000002,4.0,1,864271,11.0,20,,,,,
base,wave_snapshot,2.3204018878788,4.0,1,864271,12.0,20,,,,,
base,wave_snapshot,2.52012209999999,4.0,1,864271,13.0,20,,,,,
base,wave_snapshot,2.72021709999998,4.0,1,864271,14.0,20,,,,,
base,wave_snapshot,2.92020429999997,4.0,1,864271,15.0,20,,,,,
base,wave_snapshot,3.12019149999995,4.0,1,864271,16.0,20,,,,,
base,wave_snapshot,3.32036469999997,4.0,1,864271,17.0,20,,,,,
base,wave_snapshot,3.51979582727273,4.0,1,864271,18.0,20,,,,,
base,wave_snapshot,3.72066050000002,4.0,1,864271,19.0,20,,,,,
base,wave_snapshot,3.92003070000003,4.0,1,864271,20.0,20,,,,,
base,wave_snapshot,4.1206712481482,4.0,1,864271,21.0,20,,,,,
base,wave_snapshot,4.32033530000007,4.0,1,864271,22.0,20,,,,,
base,wave_snapshot,4.52037506825407,4.0,1,864271,23.0,20,,,,,
base,wave_snapshot,4.72035530606072,4.0,1,864271,24.0,20,,,,,
base,wave_snapshot,4.91977870000013,4.0,1,864271,25.0,20,,,,,
base,wave_snapshot,5.11993050740756,4.0,1,864271,26.0,20,,,,,
base,wave_snapshot,5.32033050000017,4.0,1,864271,27.0,20,,,,,
base,wave_snapshot,5.5204283000002,4.0,1,864271,28.0,20,,,,,
base,wave_snapshot,5.72015170000022,4.0,1,864271,29.0,20,,,,,
base,wave_snapshot,5.92090470000025,4.0,1,864271,30.0,20,,,,,
base,wave_snapshot,6.12089190000028,4.0,1,864271,31.0,20,,,,,
base,wave_snapshot,6.32100670000031,4.0,1,864271,32.0,20,,,,,
base,wave_snapshot,6.51995030000031,4.0,1,864271,33.0,20,,,,,
base,wave_snapshot,6.72033930000034,4.0,1,864271,34.0,20,,,,,
base,wave_snapshot,6.92057970000037,4.0,1,864271,35.0,20,,,,,
base,wave_snapshot,7.12071130000039,4.0,1,864271,36.0,20,,,,,
base,wave_snapshot,7.32109630000042,4.0,1,864271,37.0,20,,,,,
base,wave_snapshot,7.52067931818227,4.0,1,864271,38.0,20,,,,,
base,wave_snapshot,7.72016596666714,4.0,1,864271,39.0,20,,,,,
base,wave_snapshot,7.9200489000005,4.0,1,864271,40.0,20,,,,,
base,wave_snapshot,8.12058910000052,4.0,1,864271,41.0,20,,,,,
base,wave_snapshot,8.32104450000055,4.0,1,864271,42.0,20,,,,,
base,wave_snapshot,8.51985910000056,4.0,1,864271,43.0,20,,,,,
base,wave_snapshot,8.72040188787938,4.0,1,864271,44.0,20,,,,,
base,wave_snapshot,8.92066070000061,4.0,1,864271,45.0,20,,,,,
base,wave_snapshot,9.12114410000064,4.0,1,864271,46.0,20,,,,,
base,wave_snapshot,9.31967090000067,4.0,1,864271,47.0,20,,,,,
base,wave_snapshot,9.5198129000007,4.0,1,864271,48.0,20,,,,,
base,wave_snapshot,9.71998670000073,4.0,1,864271,49.0,20,,,,,
base,wave_snapshot,9.92014390000075,4.0,1,864271,50.0,20,,,,,
base,wave_snapshot,10.1202651000008,4.0,1,864271,51.0,20,,,,,
base,wave_snapshot,10.3202523000008,4.0,1,864271,52.0,20,,,,,
base,wave_snapshot,10.5206625000008,4.0,1,864271,53.0,20,,,,,
base,wave_snapshot,10.7209221000009,4.0,1,864271,54.0,20,,,,,
base,wave_snapshot,10.9196487000009,4.0,1,864271,55.0,20,,,,,
base,wave_snapshot,11.1197901000009,4.0,1,864271,56.0,20,,,,,
base,wave_snapshot,11.319962100001,4.0,1,864271,57.0,20,,,,,
base,wave_snapshot,11.520629700001,4.0,1,864271,58.0,20,,,,,
base,wave_snapshot,11.7199641774421,4.0,1,864271,59.0,20,,,,,
base,death,,,1,864271,60.0031144781196,20,0.0,0.0,76.0,11.9975277777788,59.987638888894
base,death,,,1,864271,60.0031144781196,20,0.0,0.0,77.0,11.9461177777788,59.7305888888939
base,death,,,1,864271,60.0031144781196,20,0.0,0.0,78.0,11.8945585777788,59.4727928888939
base,death,,,1,864271,60.0031144781196,20,0.0,0.0,79.0,11.8429993777788,59.2149968888938
